Date,Tn,Tx,Tavg,RH_avg,RR,ss,ff_x,ddd_x,ff_avg,ddd_car,Jagung Tk Peternak,Beras Medium,Kedelai Biji Kering (Impor),Bawang Merah,Bawang Putih Bonggol,Cabai Merah Keriting,Cabai Rawit Merah,Daging Sapi Murni,Daging Ayam Ras,Telur Ayam Ras,Gula Konsumsi,Minyak Goreng Kemasan Sederhana,Tepung Terigu (Curah),Minyak Goreng Curah,,Ikan Kembung,Ikan Tongkol,Ikan Bandeng,Garam Halus Beryodium,Tepung Terigu Kemasan (non-curah)
01/05/2023,,"31,6","27,5",84,0,"6,1",3,320,0,C,6.190,11.890,14.740,37.110,32.740,34.760,37.570,135.950,35.750,28.800,14.390,18.090,11.190,14.950,,39.650,36.350,34.320,11.190,13.710
02/05/2023,"24,2","33,6","27,1",85,0,"4,1",4,40,1,C,6.210,11.890,14.690,37.450,32.910,33.990,37.730,136.130,35.520,28.840,14.410,18.100,11.180,14.930,,39.700,35.790,35.210,11.200,13.750
03/05/2023,"24,2","33,4","26,3",90,"11,6","7,5",5,30,1,C,6.220,11.890,14.710,37.850,33.170,32.980,36.700,136.100,35.230,28.840,14.410,18.090,11.140,14.960,,39.870,36.230,35.290,11.180,13.720
04/05/2023,"24,2","32,5","26,8",88,"68,1","4,8",6,160,1,C,6.210,11.900,14.730,38.150,33.390,32.660,36.320,135.880,35.270,28.890,14.420,18.130,11.150,14.980,,39.770,36.040,35.030,11.330,13.740
05/05/2023,"24,6","33,8","27,3",86,8888,"5,5",4,270,1,C,6.220,11.870,14.630,38.120,33.390,31.870,35.680,135.900,34.960,28.840,14.400,18.050,11.120,14.940,,39.400,36.260,34.790,11.220,13.650
06/05/2023,"24,4","33,6","27,3",84,"0,2","7,2",4,190,1,C,6.220,11.890,14.650,38.350,33.670,32.080,36.330,135.850,35.100,28.940,14.410,18.120,11.160,14.940,,39.620,36.350,34.790,11.270,13.730
07/05/2023,"23,6","32,8","26,5",90,,"4,4",3,120,1,C,6.140,11.860,14.580,38.360,33.590,31.660,36.220,135.740,35.000,28.970,14.380,18.030,11.130,14.870,,40.010,36.330,35.150,11.370,13.710
08/05/2023,"23,8","31,7","26,3",90,"58,8","4,8",2,320,0,C,6.260,11.870,13.860,39.040,34.140,32.240,36.760,135.550,35.170,29.070,14.410,18.080,11.140,14.970,,39.860,36.360,35.100,11.190,13.710
09/05/2023,"23,2","32,6","28,2",80,"26,9","3,3",2,80,0,C,6.250,11.890,13.700,38.800,34.240,32.300,36.660,135.840,35.000,29.050,14.420,18.020,11.130,14.950,,39.820,36.310,35.140,11.230,13.710
10/05/2023,"23,1","33,6","28,3",80,0,"6,9",4,360,1,C,6.260,11.880,13.540,39.160,34.510,32.680,37.100,135.460,35.060,29.110,14.420,18.050,11.160,14.980,,39.770,36.430,35.080,11.380,13.710
11/05/2023,"24,2","31,4","26,8",86,,"8,5",5,60,1,C,6.280,11.870,13.520,39.040,34.920,32.720,37.560,135.490,35.140,29.220,14.430,18.020,11.160,14.980,,40.060,35.980,35.250,11.210,13.740
12/05/2023,"24,4","33,2","28,4",76,,"3,9",7,45,2,C,6.250,11.870,13.430,39.010,35.100,32.900,37.260,135.590,35.310,29.380,14.420,18.050,11.150,14.970,,39.640,36.440,34.410,11.360,13.700
13/05/2023,24,"34,6","26,7",87,,"10,5",3,330,1,C,6.270,11.880,13.370,39.130,35.360,32.790,37.650,135.550,35.430,29.450,14.430,18.040,11.160,14.990,,39.790,36.360,35.040,11.250,13.730
14/05/2023,"22,6","34,3","27,5",74,"12,8","7,9",2,50,1,C,6.280,11.880,13.350,38.910,35.480,32.790,37.350,135.950,35.470,29.540,14.430,18.020,11.150,14.960,,40.160,36.060,35.240,11.320,13.690
15/05/2023,"22,4","32,6","26,9",79,0,7,3,50,1,C,6.290,11.870,13.370,38.890,35.630,33.000,37.310,134.880,35.590,29.870,14.440,18.000,11.150,14.980,,39.920,35.370,35.230,11.380,13.760
16/05/2023,"22,8","33,4","27,2",74,,"8,7",3,300,1,C,6.300,11.880,13.320,38.770,35.830,33.360,37.910,135.340,35.780,30.000,14.450,18.050,11.130,14.960,,39.880,35.990,35.240,11.260,13.680
17/05/2023,"22,7","33,4","26,8",78,0,"7,8",4,330,1,C,6.280,11.900,13.310,38.760,35.960,33.400,38.330,135.500,36.060,30.160,14.440,18.010,11.150,15.010,,39.650,35.880,34.730,11.290,13.690
18/05/2023,"24,3","31,2","27,1",80,,"8,8",2,320,0,C,6.270,11.880,13.270,38.620,35.940,33.220,37.820,135.340,35.990,30.170,14.430,17.980,11.130,15.010,,39.850,36.120,34.570,11.420,13.690
19/05/2023,,33,"26,8",84,,"1,8",7,40,1,C,6.310,11.890,13.310,38.630,36.090,33.420,38.540,135.020,36.230,30.380,14.440,18.020,11.160,15.000,,39.280,35.750,34.630,11.310,13.700
20/05/2023,"24,4","32,4","27,6",82,"0,2","3,1",4,35,0,C,6.340,11.870,13.230,38.470,36.180,33.330,38.780,135.310,36.340,30.390,14.450,18.010,11.140,14.970,,39.320,35.850,34.930,11.460,13.720
21/05/2023,"24,2","33,2","26,9",86,1,"3,6",3,200,0,C,6.240,11.890,13.240,38.450,36.070,33.180,38.770,135.440,36.260,30.560,14.470,18.000,11.200,14.970,,39.950,36.040,35.340,11.410,13.720
22/05/2023,23,"33,3","26,4",83,3,0,4,310,1,C,6.310,11.900,13.140,38.150,36.320,33.150,40.160,135.600,36.600,30.600,14.440,18.030,11.170,14.960,,39.540,35.790,35.130,11.370,13.700
23/05/2023,"23,9",33,"27,2",79,"1,3","8,9",4,20,1,C,6.310,11.890,13.050,38.070,36.250,33.260,40.250,135.430,36.690,30.650,14.450,17.980,11.140,14.930,,39.270,36.030,34.730,11.380,13.680
24/05/2023,"23,6","32,8",27,82,0,"7,6",2,330,0,C,6.330,11.900,13.040,38.160,36.470,33.330,40.260,135.280,36.910,30.760,14.470,18.020,11.160,14.970,,39.370,35.770,35.140,11.410,13.720
25/05/2023,"23,4",34,"25,9",84,0,"6,5",3,60,0,C,6.290,11.880,13.010,37.810,36.170,33.090,39.770,135.100,36.980,30.700,14.470,18.000,11.130,14.990,,39.640,34.850,34.880,11.380,13.670
26/05/2023,23,"33,2","27,5",80,55,"7,8",3,350,0,C,6.340,11.880,12.990,37.830,36.340,33.050,39.900,135.040,36.960,30.750,14.470,18.060,11.130,14.990,,39.380,35.840,34.990,11.390,13.700
27/05/2023,"23,4","31,3","26,6",87,"26,5","7,1",4,270,0,C,6.330,11.880,12.940,37.900,36.400,33.400,39.970,135.060,37.010,30.700,14.480,18.040,11.130,15.000,,39.530,35.840,34.650,11.360,13.710
28/05/2023,24,"32,4","27,1",82,,"4,7",3,230,1,C,6.310,11.870,13.020,37.880,36.420,33.380,40.000,135.120,37.120,30.760,14.490,18.000,11.140,14.990,,39.320,35.530,34.670,11.400,13.710
29/05/2023,"23,8","32,4","27,1",84,,"8,2",3,190,0,C,6.350,11.870,12.940,37.650,36.550,33.770,40.120,134.990,37.230,30.700,14.480,17.930,11.130,14.970,,39.540,35.840,34.630,11.320,13.680
30/05/2023,"23,9","33,6","26,7",82,0,"5,4",3,40,1,C,6.340,11.860,12.970,37.530,36.620,33.510,40.130,135.340,37.200,30.690,14.490,17.930,11.110,14.960,,39.790,36.000,34.810,11.390,13.730
31/05/2023,"22,1","33,8","27,4",76,"28,8",9,3,340,1,C,6.340,11.850,12.950,37.370,36.690,33.750,40.280,135.420,37.290,30.700,14.480,17.950,11.100,14.930,,39.100,35.870,34.270,11.310,13.710
01/06/2023,"22,4","33,4","26,8",76,,"8,6",4,340,1,C,5.660,12.240,14.430,30.210,35.870,21.900,37.950,136.850,36.260,27.490,14.340,17.610,10.950,14.580,,44.140,37.250,35.750,12.140,13.880
02/06/2023,"23,4","33,8","27,4",81,,"9,5",3,320,1,C,5.840,12.260,14.360,30.490,36.590,21.990,26.830,133.970,36.670,27.360,14.420,17.510,10.900,14.640,,40.570,37.850,36.740,12.330,14.120
03/06/2023,"24,4",33,"27,7",83,8888,8,3,310,1,C,5.730,12.230,14.400,30.540,36.220,21.660,29.590,134.460,35.790,27.060,14.280,17.570,10.900,14.520,,44.140,37.900,37.740,11.590,14.050
04/06/2023,"23,9","32,6","26,6",84,"59,3","5,7",4,350,1,C,5.660,12.280,14.600,30.910,35.980,21.930,38.990,136.380,36.720,27.400,14.340,17.610,10.840,14.570,,43.500,37.820,35.050,12.420,14.340
05/06/2023,"23,8","33,8","26,1",86,"0,3","8,4",3,260,1,C,5.770,12.250,14.280,31.120,36.390,22.150,28.460,134.870,37.160,27.190,14.320,17.670,10.750,14.830,,43.400,37.360,34.910,11.750,14.400
06/06/2023,"23,8","29,4","25,7",91,"34,2","7,4",4,230,1,C,5.790,12.240,14.330,31.100,36.410,22.370,40.000,134.270,37.520,27.610,14.290,17.390,10.870,14.550,,40.530,37.870,34.640,12.600,14.380
07/06/2023,"22,4","32,2","26,7",83,"0,4","0,8",2,190,1,C,5.770,12.260,14.430,30.620,35.520,22.060,31.750,135.760,37.280,27.060,14.380,17.510,10.830,14.490,,40.660,37.650,35.100,11.960,14.310
08/06/2023,"22,6","32,2","26,9",82,"3,5","8,7",4,40,1,C,5.780,12.270,14.610,31.150,36.190,22.260,28.280,136.180,37.350,27.180,14.390,17.790,10.930,14.690,,44.140,38.260,35.140,11.670,14.300
09/06/2023,"22,4","32,8","26,5",81,0,"7,2",6,150,1,C,5.820,12.240,14.370,31.460,36.250,22.290,32.770,135.180,37.380,27.240,14.330,17.750,10.830,14.520,,43.960,37.770,35.290,11.910,14.370
10/06/2023,"22,4","32,4","26,1",86,"13,3","9,4",3,40,0,C,5.830,12.260,14.430,31.480,36.710,22.390,30.130,136.050,37.870,27.340,14.300,17.740,10.860,14.610,,37.170,37.680,35.940,12.090,14.290
11/06/2023,"22,4","33,3","26,8",78,,"8,3",3,360,0,C,5.820,12.280,14.430,31.360,36.650,22.500,30.650,134.920,37.780,27.270,14.270,17.400,10.870,14.600,,44.430,38.020,35.750,11.860,14.360
12/06/2023,"22,6","32,6","27,5",79,,"9,6",4,40,1,C,5.810,12.270,14.410,32.330,36.300,23.380,30.650,134.510,37.800,27.290,14.370,17.780,10.890,14.590,,44.380,37.750,35.330,11.890,14.150
13/06/2023,"23,5","33,4","26,9",84,,"8,6",5,300,1,C,5.820,12.300,14.450,32.230,36.350,22.960,29.590,135.150,37.670,27.290,14.350,17.760,11.090,14.820,,43.860,37.520,35.140,11.840,14.350
14/06/2023,"23,8","31,4","25,4",89,"15,7","5,6",3,340,0,C,5.720,12.280,14.480,32.590,36.650,22.630,37.950,137.600,37.550,27.530,14.370,17.740,10.790,14.480,,44.700,37.760,35.140,12.280,14.080
15/06/2023,"22,1","32,2","27,2",81,"16,5","3,9",5,50,1,C,5.900,12.250,14.340,32.980,37.120,22.560,29.590,134.090,37.390,27.510,14.420,17.780,10.930,14.510,,40.640,37.960,34.930,12.210,14.360
16/06/2023,"24,4",29,"24,5",95,"2,6","6,1",2,160,0,C,5.680,12.200,14.270,32.890,37.040,22.500,30.650,135.900,37.230,27.510,14.410,17.720,10.870,14.490,,43.890,37.290,22.880,12.170,14.340
17/06/2023,"22,4",30,"25,9",86,"10,1",0,4,80,0,C,5.810,12.240,14.630,33.160,36.920,22.900,30.130,135.650,37.390,27.650,14.430,17.910,11.010,14.430,,43.570,38.040,35.140,11.690,14.410
18/06/2023,"23,3","32,4","26,3",86,,"0,4",4,320,1,C,5.830,12.240,14.720,33.480,36.790,23.000,38.990,134.630,37.350,27.770,14.410,17.760,10.790,14.470,,43.650,37.420,34.930,12.410,14.320
19/06/2023,23,33,"25,7",91,"73,7","9,4",2,190,0,C,5.840,12.300,14.570,34.270,36.640,23.220,29.590,135.410,37.640,27.420,14.370,17.750,10.820,14.520,,42.830,37.220,34.910,11.660,14.230
20/06/2023,"22,2","33,4","26,9",80,"15,1","5,7",3,30,0,C,5.840,12.340,14.560,33.640,37.080,23.170,29.590,134.990,37.520,27.380,14.420,17.750,10.830,14.590,,41.680,35.910,29.980,11.970,14.260
21/06/2023,"23,6",33,"26,8",84,,"9,6",4,210,1,C,5.740,12.300,14.410,33.600,36.400,22.880,37.950,137.380,37.450,27.580,14.430,17.730,10.690,14.630,,43.250,37.340,34.210,12.100,14.030
22/06/2023,24,33,"27,7",80,"3,6","7,2",3,180,1,C,6.040,12.350,14.350,33.600,36.550,22.900,29.590,135.710,37.560,27.170,14.350,17.860,10.820,14.520,,42.540,37.270,35.330,11.740,14.210
23/06/2023,24,33,"27,2",83,"14,3","7,7",2,310,1,C,5.730,12.320,14.440,33.820,36.700,22.200,29.590,136.190,37.240,27.870,14.390,17.460,10.710,14.610,,42.900,37.460,35.330,12.200,14.220
24/06/2023,"23,3","32,8","26,7",87,"0,4","7,7",3,200,1,C,5.880,12.300,14.420,33.510,36.970,22.140,37.950,135.080,36.530,27.770,14.380,17.640,10.690,14.570,,42.510,36.870,34.640,12.520,14.240
25/06/2023,23,"32,9","25,7",86,7,"8,9",4,100,1,C,6.060,12.300,14.780,33.700,37.390,22.680,26.830,133.560,37.400,27.550,14.420,17.740,10.790,14.600,,43.260,37.150,34.640,12.280,14.390
26/06/2023,"21,8","32,4","25,9",,1,"6,5",2,360,0,C,5.880,12.290,14.540,33.790,37.950,25.240,25.460,133.230,37.050,27.620,14.410,17.370,10.810,14.440,,44.800,38.230,34.930,12.030,14.220
27/06/2023,"22,4",33,"25,9",84,,8,4,180,1,C,5.720,12.300,14.510,34.110,37.800,26.550,40.250,135.270,37.350,27.770,14.360,17.670,10.680,14.480,,43.490,37.180,35.290,12.280,14.310
28/06/2023,"22,5","33,4","26,8",78,,9,3,70,1,C,5.790,12.310,14.590,34.270,38.450,28.960,30.780,136.480,37.530,27.660,14.360,17.770,10.770,14.440,,43.510,36.740,35.520,12.050,14.260
29/06/2023,23,"32,6","26,5",85,"23,5","9,2",4,360,0,C,5.790,12.350,14.270,34.760,38.680,31.910,40.250,135.240,37.710,27.720,14.410,17.790,10.700,14.570,,44.800,37.260,35.520,12.030,14.190
30/06/2023,23,33,"27,1",82,"16,2","8,9",3,330,0,C,5.900,12.330,14.380,34.330,38.070,30.740,32.010,134.410,37.710,27.620,14.400,17.700,11.180,14.480,,44.020,37.310,35.140,11.780,14.290
01/07/2023,"25,2","33,6","29,3",73,,"8,3",7,130,3,SE,6.310,11.870,12.880,38.570,38.260,36.090,43.050,157.740,33.190,27.230,14.940,18.740,11.280,13.590,,47.220,36.020,37.410,14.110,14.600
02/07/2023,"25,4",34,"29,1",72,0,"8,2",6,140,3,SE,6.310,11.890,12.930,38.680,39.970,37.650,43.240,157.110,34.680,27.610,14.840,18.530,11.310,13.630,,45.620,36.690,36.840,13.660,14.560
03/07/2023,"25,4","33,8","28,8",72,0,"8,4",5,70,2,NW,6.310,11.880,12.900,38.720,39.470,38.200,42.380,155.860,34.520,27.340,14.950,18.400,11.440,13.790,,46.780,36.140,37.740,13.770,14.770
04/07/2023,"25,6","33,5",29,71,0,5,6,190,3,E,6.350,11.900,12.970,38.690,40.100,38.410,41.690,154.850,33.790,27.130,14.990,18.660,11.300,13.630,,46.780,36.200,36.570,13.770,14.860
05/07/2023,"25,2","33,6","28,7",75,"12,5","6,3",6,150,3,SE,6.300,11.850,12.910,38.520,40.510,38.710,40.770,154.850,33.920,27.330,14.990,18.320,11.540,13.530,,46.640,36.700,36.900,13.800,14.820
06/07/2023,"25,5","34,6","29,3",71,0,"8,5",6,150,3,SE,6.320,11.890,12.970,38.470,41.050,38.820,40.860,153.860,33.710,27.630,14.990,18.240,11.450,13.860,,46.250,37.020,36.490,13.670,14.920
07/07/2023,26,"32,4","27,7",80,,"8,3",5,100,3,W,6.330,11.890,12.960,38.450,41.680,38.420,39.880,153.740,33.840,27.200,14.870,17.790,11.380,13.910,,47.720,38.350,38.230,13.560,14.860
08/07/2023,"25,2","29,8","27,3",85,"34,5",1,5,140,2,SE,6.300,11.890,12.960,37.930,41.490,36.920,39.350,154.060,33.040,27.060,15.010,18.370,11.270,13.560,,47.920,37.560,37.120,14.050,14.870
09/07/2023,"24,8","32,6","28,5",78,"3,8","0,6",8,160,4,SE,6.300,11.890,12.930,37.940,41.220,37.100,39.420,153.670,33.170,27.100,15.010,18.140,11.410,13.590,,48.710,37.750,37.950,13.710,14.870
10/07/2023,"25,8","32,8","28,9",77,0,"8,7",7,120,3,SE,6.330,11.910,12.970,37.760,41.900,36.190,39.170,153.860,32.900,27.240,14.930,18.170,11.300,13.590,,48.110,37.610,37.380,13.670,14.870
11/07/2023,25,"33,4","28,3",71,0,"8,8",5,120,2,SE,6.350,11.920,12.970,37.340,41.340,36.620,38.790,153.740,33.050,27.350,15.000,18.170,11.250,13.530,,47.300,35.800,37.820,13.660,14.810
12/07/2023,"24,2","32,8","27,7",69,0,"4,8",3,330,2,E,6.360,11.910,12.970,37.140,40.860,36.380,38.360,154.060,32.730,27.400,14.970,18.090,11.230,13.490,,47.810,36.350,37.710,13.620,14.870
13/07/2023,25,"33,8","28,8",72,0,"8,7",6,140,2,SE,6.330,11.910,12.990,36.630,40.480,35.490,37.970,154.360,32.480,27.260,14.840,17.870,11.260,13.590,,47.090,36.790,37.560,13.710,14.870
14/07/2023,"25,6","33,4","28,8",75,0,"4,3",7,130,3,C,6.350,11.920,12.990,36.210,40.860,35.930,37.870,154.890,33.320,27.170,14.920,18.060,11.290,13.690,,45.780,36.860,37.660,13.670,14.730
15/07/2023,"24,6","33,2","28,5",72,0,"8,5",6,120,2,C,6.310,11.890,12.900,35.950,40.250,34.840,37.390,154.290,33.260,26.970,14.820,17.820,11.290,13.730,,45.970,36.260,37.530,13.900,14.860
16/07/2023,"24,6","32,4","27,8",71,0,"7,9",7,130,3,SE,6.290,11.870,12.950,35.720,40.750,35.580,37.000,154.850,33.410,27.060,14.920,17.860,11.190,13.650,,45.250,35.570,37.380,13.940,14.780
17/07/2023,"23,2","32,6","27,3",68,,"8,5",7,140,3,SE,6.310,11.920,12.960,35.220,40.330,36.450,37.630,154.360,32.910,26.790,14.970,18.170,11.390,13.590,,45.890,35.860,36.920,13.780,14.870
18/07/2023,"23,6",34,"27,2",72,0,9,9,150,4,SE,6.320,11.920,12.970,34.760,40.320,36.040,37.470,154.590,33.020,26.860,14.970,18.010,11.370,13.570,,45.060,35.680,37.710,13.730,14.910
19/07/2023,"23,8",33,"28,2",68,0,"8,7",7,140,3,SE,6.270,11.890,12.950,34.360,39.790,36.200,36.950,154.360,32.640,26.920,14.970,18.170,11.390,13.630,,44.850,35.990,36.070,13.780,14.870
20/07/2023,23,"32,9","26,9",68,0,"8,7",6,120,2,C,6.310,11.920,12.970,34.150,40.540,35.140,37.830,154.360,32.410,26.920,14.980,18.170,11.390,13.810,,44.180,34.620,35.000,13.780,14.870
21/07/2023,"22,8","31,8","27,2",67,0,"8,8",5,100,2,SE,6.300,11.890,12.920,33.600,40.890,35.560,37.580,154.060,32.590,26.960,14.980,18.130,11.370,13.620,,44.310,36.110,35.850,13.730,14.870
22/07/2023,"23,2","32,8","27,2",68,0,"8,8",8,140,4,SE,6.310,11.890,12.940,33.300,40.520,34.680,37.630,154.360,32.320,26.950,14.980,18.170,11.510,13.630,,44.090,35.420,36.060,13.780,14.870
23/07/2023,"23,6",33,"28,1",70,,9,5,150,3,SE,6.300,11.910,13.000,33.300,39.940,34.410,37.770,154.360,32.400,26.920,14.980,18.070,11.530,14.000,,44.990,35.970,35.880,13.730,14.820
24/07/2023,"24,6","32,2","28,1",70,,8,6,130,3,SE,6.330,11.930,13.040,32.890,40.570,34.910,38.650,155.400,31.770,26.960,14.980,18.230,11.380,13.540,,44.340,35.430,36.390,13.820,14.960
25/07/2023,"25,6","32,6","28,8",77,0,"8,6",8,100,4,SE,6.330,11.910,12.930,32.350,40.410,34.730,38.550,154.360,31.670,26.990,14.940,18.250,11.350,13.590,,45.190,35.400,36.640,13.780,14.830
26/07/2023,25,33,"27,8",71,0,"6,3",5,120,2,SE,6.320,11.930,13.000,32.100,40.750,33.440,39.450,154.290,31.510,27.150,14.880,18.170,11.340,13.570,,46.120,35.660,36.710,13.510,14.770
27/07/2023,"23,8",33,"27,7",65,0,"7,6",6,110,3,SE,6.350,11.920,13.010,31.660,40.360,32.760,39.810,154.850,31.210,27.050,14.840,18.280,11.260,13.710,,44.080,34.700,35.750,13.710,14.870
28/07/2023,"23,4","32,2","27,1",67,0,"8,2",5,170,2,SE,6.400,11.950,13.000,31.540,40.270,32.810,40.290,154.360,31.150,27.100,14.850,18.280,11.260,13.630,,43.430,34.920,35.060,13.710,14.870
29/07/2023,"23,2","32,2","27,2",68,0,"8,3",7,130,3,SE,6.370,11.940,12.990,31.470,40.260,33.320,40.410,154.590,30.990,27.130,14.880,18.150,11.310,13.610,,43.170,34.420,35.760,13.670,14.780
30/07/2023,"22,8",32,"27,3",65,0,"8,4",9,150,4,SE,6.360,11.940,12.970,31.300,39.870,32.590,40.640,154.350,31.280,27.030,14.890,18.250,11.350,13.830,,44.440,34.640,35.840,13.780,14.870
31/07/2023,"22,8","33,2","27,4",69,0,"8,5",7,150,4,SE,6.410,11.920,12.980,30.960,39.990,31.610,41.500,154.860,31.170,27.030,14.890,18.130,11.420,13.630,,45.020,34.860,34.820,13.650,14.820
01/08/2023,"23,8",33,"29,1",70,0,"8,6",10,140,4,SE,5.880,12.160,11.520,24.290,37.300,29.990,40.530,116.380,43.540,29.990,14.000,17.990,11.530,15.490,,40.430,33.520,38.690,13.140,12.240
02/08/2023,"25,4",34,"29,2",75,,"8,3",6,100,4,SE,5.810,12.160,11.520,24.290,37.300,29.320,39.720,116.380,43.040,29.880,14.000,17.660,11.420,15.380,,40.430,35.010,38.690,13.140,12.240
03/08/2023,26,"33,8","29,1",74,0,"8,3",8,150,4,SE,5.880,12.160,11.520,24.510,37.510,28.430,38.770,116.380,43.040,29.880,14.000,17.990,11.530,15.380,,40.430,33.520,36.770,13.140,12.370
04/08/2023,25,"33,8","28,7",70,0,"8,3",7,150,3,SE,5.880,12.160,11.490,24.190,37.400,27.100,37.130,116.380,42.370,29.760,14.000,17.990,11.530,15.380,,40.430,33.520,38.690,13.140,12.240
05/08/2023,24,"33,4","27,8",71,0,"7,7",7,150,3,SE,5.880,12.160,11.490,23.620,37.290,27.100,37.890,116.380,42.170,29.760,14.000,17.990,11.530,15.630,,40.540,34.390,36.770,13.140,12.240
06/08/2023,"24,4","33,4","28,5",70,8888,"9,2",8,140,3,SE,5.880,12.160,11.490,24.410,37.070,27.890,37.060,116.380,41.940,29.760,14.000,17.990,11.580,15.380,,40.430,34.390,36.770,13.140,12.370
07/08/2023,"24,6","33,5","28,1",73,0,"6,8",8,140,4,SE,5.880,12.160,11.490,24.190,36.320,28.600,39.040,116.380,41.700,29.760,14.000,17.990,11.530,15.380,,39.470,24.570,36.770,13.140,12.240
08/08/2023,"24,8","32,2",28,71,,8,7,140,4,SE,5.880,12.100,11.490,23.960,36.740,27.730,39.020,116.380,41.730,29.760,14.000,17.990,11.580,15.690,,39.020,33.390,35.450,13.020,12.370
09/08/2023,"23,8","33,3","27,4",69,0,"8,2",7,140,4,SE,5.930,12.310,11.560,24.980,37.350,31.880,40.370,115.780,40.980,29.860,14.000,18.120,11.590,15.360,,41.690,34.000,37.420,13.270,12.280
10/08/2023,"23,6",33,"27,6",66,,"9,5",7,190,3,SE,5.880,12.270,11.490,24.110,37.310,33.360,41.230,116.380,42.390,29.760,14.000,17.990,11.530,15.430,,39.470,33.390,35.310,13.140,12.240
11/08/2023,"22,8","32,6",27,68,,"7,7",6,150,3,SE,5.880,12.270,11.490,24.360,37.640,33.360,42.770,116.380,42.390,29.760,14.000,17.990,11.530,15.430,,41.690,33.390,37.420,13.140,12.240
12/08/2023,"23,2",33,"27,4",64,0,"7,7",6,140,3,SE,5.820,12.270,11.490,24.970,37.860,33.360,42.880,116.380,42.390,29.760,14.000,18.110,11.530,15.320,,40.690,33.390,35.310,13.140,12.240
13/08/2023,"23,6","32,8","27,8",68,0,8,7,140,4,SE,5.820,12.150,11.490,24.510,37.290,32.160,43.570,116.380,42.390,29.650,14.000,17.990,11.530,15.320,,41.690,33.800,37.080,13.140,12.240
14/08/2023,24,"33,1","27,6",69,0,8,6,130,3,SE,5.820,12.270,11.490,22.470,36.050,29.420,46.500,116.380,42.280,29.820,14.000,17.990,11.530,15.430,,40.430,32.350,37.420,13.140,12.240
15/08/2023,"23,8",33,"27,5",75,0,"7,8",6,120,3,SE,5.820,12.210,11.490,23.520,36.310,30.520,45.520,116.380,41.960,29.730,13.760,18.110,11.530,15.320,,38.030,31.830,34.240,13.140,12.240
16/08/2023,24,"33,3","28,3",62,0,"8,8",5,160,2,E,5.820,12.210,11.490,22.430,35.960,32.910,47.270,116.380,42.060,29.610,14.000,17.990,11.410,15.630,,38.030,32.670,34.790,13.290,12.120
17/08/2023,"23,5","32,8","27,7",68,0,"8,7",7,80,3,C,5.820,12.270,11.490,22.660,35.960,31.910,43.660,116.380,42.060,29.490,14.000,17.990,11.410,15.320,,40.430,32.670,37.420,13.140,12.120
18/08/2023,"22,8","32,6","27,8",65,,8,8,100,3,E,5.820,12.300,11.490,23.020,35.540,31.340,40.720,116.380,41.820,29.610,14.000,17.990,11.410,15.320,,40.430,32.350,35.310,13.140,12.120
19/08/2023,"23,6","33,2","28,7",67,0,"8,9",7,130,4,E,5.820,12.410,11.490,22.900,35.540,33.200,40.330,116.380,41.820,29.490,14.000,18.110,11.410,15.320,,40.360,32.970,37.920,13.140,12.120
20/08/2023,24,"33,4","28,8",66,,"9,5",5,150,2,SE,5.820,12.320,11.490,22.080,35.540,33.090,39.920,116.380,41.820,29.610,14.000,17.880,11.410,15.200,,40.360,32.670,37.920,13.500,12.240
21/08/2023,"24,1","32,9","28,5",69,0,9,7,90,4,E,5.820,12.410,11.490,21.920,35.190,31.530,42.140,116.380,40.930,29.230,14.110,17.650,11.410,15.320,,42.820,33.390,37.920,13.500,12.240
22/08/2023,"24,5","32,6","28,3",66,0,8,6,110,3,E,5.820,12.490,11.490,21.670,35.290,30.000,40.200,116.380,40.710,28.910,14.110,17.770,11.410,15.430,,41.200,33.590,36.470,13.500,12.240
23/08/2023,"23,4",33,28,66,0,"9,8",8,110,3,E,5.820,12.650,11.540,21.440,34.870,31.780,37.850,116.380,40.180,29.990,14.000,17.770,11.300,15.430,,42.340,33.390,38.950,13.500,12.240
24/08/2023,"23,5","32,6","28,3",66,0,"9,9",8,90,3,E,5.880,12.600,11.490,21.160,35.320,33.320,33.770,116.380,39.840,28.840,14.110,17.650,11.410,15.430,,42.340,32.670,37.920,13.500,12.240
25/08/2023,24,"33,8","28,9",68,0,"9,6",6,110,2,E,5.820,12.600,11.490,21.500,35.540,34.510,32.610,116.380,39.740,28.910,14.000,17.770,11.410,15.430,,42.340,31.950,37.920,13.500,12.240
26/08/2023,"24,2","33,8","28,9",61,,"9,2",5,100,3,E,5.820,12.770,11.430,21.480,35.090,36.200,30.270,116.380,40.070,28.650,14.000,17.650,11.410,15.430,,42.340,23.000,37.920,13.500,12.240
27/08/2023,"23,3","33,8","28,7",63,0,"9,5",6,140,3,E,5.820,12.770,11.490,21.250,35.210,34.740,30.500,116.380,39.950,28.650,14.000,17.650,11.410,15.430,,42.340,31.950,37.920,13.500,12.300
28/08/2023,24,"32,5","28,7",66,0,9,8,100,3,SE,5.820,12.770,11.490,20.520,34.260,32.770,28.040,116.380,39.850,28.240,14.000,17.650,11.410,15.430,,39.860,34.280,38.550,13.270,12.300
29/08/2023,24,"33,8",29,62,0,"9,2",7,130,3,C,5.820,12.770,11.490,20.700,34.200,38.820,28.770,116.380,39.640,28.610,14.000,17.650,11.410,15.430,,40.010,34.610,38.690,13.270,12.300
30/08/2023,"23,9","33,1","28,6",67,0,9,8,80,3,E,6.520,12.880,11.490,19.670,34.200,37.130,27.270,116.380,38.990,28.610,14.000,17.650,11.410,15.430,,40.010,34.610,38.690,13.270,12.300
31/08/2023,"23,6","33,2","28,7",65,0,9,7,110,3,E,5.820,12.880,11.370,19.020,34.430,37.130,27.720,115.640,39.640,28.280,14.000,17.650,11.410,15.200,,41.980,33.220,38.690,13.120,12.300
01/09/2023,25,"33,4","28,3",67,0,"8,5",5,160,3,SE,6.800,11.390,12.580,19.520,35.400,39.460,38.610,136.350,32.460,28.710,14.450,15.980,10.780,14.160,,38.300,32.630,40.000,12.520,13.770
02/09/2023,24,"33,2",28,64,0,"8,4",7,130,3,SE,6.800,11.440,12.670,19.350,35.400,38.710,37.360,136.350,32.170,28.560,14.450,15.980,10.780,14.160,,38.300,32.420,40.000,12.520,13.770
03/09/2023,"23,2","33,7","27,7",62,0,"8,3",7,150,4,SE,6.800,11.540,12.670,19.080,35.110,39.280,36.600,136.350,31.340,28.560,14.450,15.980,10.780,14.160,,38.300,32.420,40.000,12.520,13.770
04/09/2023,"23,9",33,"27,5",64,0,"8,2",6,130,3,SE,6.820,11.710,12.670,19.010,35.010,37.110,37.060,136.350,31.310,28.560,14.450,15.980,10.820,14.160,,38.420,32.630,40.000,12.520,13.770
05/09/2023,"23,2","33,2","27,9",60,0,"8,3",8,150,4,SE,6.800,11.790,12.670,19.120,35.010,35.810,36.050,136.350,31.180,28.650,14.540,15.980,10.780,14.160,,38.420,32.060,40.000,12.520,13.770
06/09/2023,24,"34,7","28,5",66,,"8,5",6,70,3,SE,6.800,11.840,12.670,19.010,35.020,34.100,35.220,136.350,31.030,28.650,14.540,15.980,10.780,14.160,,38.070,32.060,40.000,12.520,13.770
07/09/2023,"24,6",33,"28,4",71,0,"8,2",7,140,3,SE,6.960,11.790,12.670,19.080,35.120,33.900,35.220,136.350,31.040,28.560,14.540,15.980,10.780,14.160,,38.070,32.060,40.000,12.520,13.770
08/09/2023,"24,4",33,"28,2",68,0,"8,2",7,140,3,SE,6.960,11.790,12.670,18.930,35.040,33.290,36.000,136.350,31.320,28.650,14.540,15.980,10.780,14.160,,38.420,32.420,40.000,12.520,13.770
09/09/2023,"23,2","33,8","27,7",68,,"8,5",6,140,3,SE,6.960,11.860,12.750,18.690,34.940,32.270,36.090,136.350,31.030,28.650,14.540,15.980,10.860,14.160,,38.420,32.320,40.000,12.520,13.770
10/09/2023,23,"33,6","27,9",63,0,"8,5",7,140,4,SE,6.960,11.870,12.670,18.930,34.940,32.270,35.370,136.350,31.030,28.650,14.630,15.980,10.780,14.160,,38.420,32.060,40.000,12.520,13.770
11/09/2023,24,"34,6",29,65,,"8,5",8,180,3,SE,6.960,12.130,12.750,18.490,34.850,31.020,35.670,136.350,31.230,28.650,14.590,16.090,10.780,14.280,,38.420,32.260,40.000,12.520,13.770
12/09/2023,"25,2","34,8","29,2",66,0,"8,5",7,140,4,S,6.960,12.090,12.750,17.960,33.790,30.960,36.120,136.350,31.330,28.560,14.590,16.090,10.820,14.160,,38.420,32.420,40.000,12.520,13.770
13/09/2023,"25,2","34,8","28,9",68,0,"8,8",7,150,3,SE,6.960,12.140,12.750,18.520,33.610,30.320,36.270,136.350,31.330,28.560,14.680,16.090,10.820,14.160,,38.420,32.420,40.000,12.520,13.770
14/09/2023,"25,6","32,8","28,4",71,0,"8,7",8,150,4,SE,6.960,12.140,12.750,17.900,33.160,29.770,34.490,136.350,31.330,28.560,14.680,16.090,10.780,14.160,,38.420,32.630,40.000,12.520,13.770
15/09/2023,"23,6","33,1","28,1",68,0,"8,3",7,140,3,SE,6.960,12.140,12.750,17.900,33.230,29.450,34.680,136.350,31.330,28.560,14.680,16.090,10.780,14.160,,38.420,32.630,40.000,12.520,13.770
16/09/2023,25,"33,2","28,7",71,0,"8,7",8,140,4,SE,6.960,12.140,12.750,17.640,33.160,29.080,34.240,136.350,31.330,28.460,14.680,16.090,10.820,14.160,,38.420,32.420,40.000,12.520,13.770
17/09/2023,"25,4","34,2","28,6",70,0,"8,3",6,130,4,SE,6.960,12.140,12.750,17.640,32.970,28.460,33.990,136.350,31.230,28.460,14.680,16.090,10.820,14.160,,38.420,32.420,40.000,12.610,13.770
18/09/2023,"24,8","33,4","28,3",70,5,"8,7",6,140,3,SE,6.960,12.140,12.750,17.960,33.060,28.130,33.960,136.350,31.050,28.460,14.680,16.090,10.820,14.160,,38.640,32.930,40.000,12.520,13.770
19/09/2023,"24,2","34,4",29,65,,"8,1",7,140,4,SE,6.960,12.140,12.750,17.960,34.200,28.550,33.620,136.350,30.710,28.460,14.720,15.970,10.820,14.160,,38.640,33.370,40.000,12.520,13.770
20/09/2023,"24,6","34,4","28,7",67,,"8,6",6,120,4,E,6.960,12.140,12.750,17.960,34.200,28.900,33.080,136.350,31.050,28.460,14.720,15.970,10.820,14.160,,38.640,33.370,35.500,12.140,13.670
21/09/2023,"24,5","33,8","28,4",64,0,"8,6",8,120,3,SE,6.960,12.140,12.720,18.060,34.200,29.090,33.500,136.350,31.130,28.460,14.720,15.970,10.730,14.160,,38.640,33.370,35.500,12.350,13.580
22/09/2023,"23,4",33,28,63,0,"7,3",7,150,4,SE,6.960,12.140,12.720,17.740,33.560,31.660,33.770,136.350,30.950,28.460,14.720,15.970,10.730,14.160,,38.640,33.110,35.500,12.350,13.670
23/09/2023,"24,6","34,8","28,7",65,0,"8,6",7,170,4,S,6.960,12.180,12.720,17.310,33.760,32.530,35.340,136.350,31.130,28.460,14.720,15.970,10.730,14.160,,38.640,32.880,36.660,12.350,13.670
24/09/2023,"24,8","34,8","29,1",62,0,"8,8",10,150,4,SE,6.960,12.180,12.710,17.480,33.760,32.760,34.700,136.350,31.130,28.460,14.720,15.970,10.730,14.160,,38.640,32.880,36.660,12.350,13.670
25/09/2023,25,"34,6","29,1",71,0,"8,6",6,150,3,SE,6.960,12.190,12.710,17.570,33.680,34.690,34.710,136.350,30.950,28.120,14.720,15.970,10.730,14.160,,38.640,32.820,36.660,12.430,13.670
26/09/2023,"24,5",35,"28,7",61,0,"8,7",7,140,3,SE,6.960,12.210,12.710,17.300,33.680,36.230,36.450,136.350,31.050,28.120,14.720,15.970,10.730,14.160,,38.640,32.810,35.780,12.430,13.670
27/09/2023,24,"34,6",29,62,,"8,5",7,140,4,SE,6.960,12.270,12.720,17.300,33.680,37.340,37.620,136.350,31.230,28.120,14.810,15.620,10.730,14.030,,38.640,32.680,35.780,12.430,13.670
28/09/2023,"24,6",35,"28,9",66,0,"8,8",8,120,4,SE,6.960,12.270,12.720,17.550,33.680,36.960,37.680,136.350,31.330,28.120,14.810,15.620,10.730,14.110,,39.700,33.910,37.950,12.430,13.670
29/09/2023,"25,8","34,6","29,8",65,0,"8,7",9,140,4,SE,6.960,12.270,12.720,17.550,33.080,36.230,37.740,136.350,31.420,28.120,14.810,15.480,10.730,14.030,,38.900,33.280,32.000,12.430,13.670
30/09/2023,"25,8",35,"29,5",61,0,"8,6",6,140,3,SE,6.960,12.270,12.720,17.650,33.770,36.630,37.330,136.870,31.420,28.120,14.810,15.620,10.730,14.030,,38.760,33.050,37.950,12.430,13.670
01/10/2023,"24,4","35,3","29,1",64,0,"8,7",7,140,2,SE,6.840,12.590,11.740,29.860,39.220,42.120,44.480,137.940,39.100,26.320,14.740,17.630,9.790,15.240,,36.160,35.830,39.470,10.710,12.740
02/10/2023,"25,2","35,1","29,2",60,0,"8,7",8,150,3,SE,6.920,12.590,11.740,29.860,40.900,42.120,43.500,137.940,39.440,26.150,14.740,17.630,9.790,15.190,,36.160,35.830,39.470,10.710,12.740
03/10/2023,"25,5",35,"29,3",65,0,"8,8",7,120,3,SE,6.960,12.370,11.740,28.930,39.190,43.000,45.430,137.940,39.330,25.980,14.690,17.200,9.790,15.190,,37.530,37.130,40.430,10.860,12.690
04/10/2023,"26,4","34,8","29,9",64,0,"8,8",7,140,3,SE,6.990,12.590,11.740,28.970,40.000,43.330,44.300,137.940,39.440,26.150,14.740,17.630,9.790,15.190,,36.160,35.830,39.470,10.710,12.740
05/10/2023,"25,8","34,7","29,3",72,,"8,8",7,140,4,SE,6.950,12.760,11.740,28.230,40.000,43.330,44.480,137.940,39.100,26.060,14.740,17.630,9.790,15.190,,36.160,35.830,39.470,10.710,12.740
06/10/2023,26,"35,8","30,4",64,,"7,4",8,150,4,SE,6.930,12.760,11.740,27.910,39.660,44.090,45.260,137.940,39.100,26.060,14.740,17.630,9.590,15.240,,36.160,35.830,39.470,10.710,12.740
07/10/2023,"26,8","33,8","29,8",67,0,"8,8",9,150,4,SE,6.930,12.710,11.740,27.910,39.660,44.300,47.340,137.940,39.100,26.150,14.740,17.630,9.590,15.240,,36.160,35.830,39.470,10.710,12.740
08/10/2023,"25,6","35,1","29,8",69,0,"7,4",10,150,4,SE,6.950,12.710,11.740,27.250,40.000,44.480,47.340,137.940,39.100,26.240,14.740,17.630,9.790,15.240,,36.160,35.830,39.470,10.710,12.740
09/10/2023,26,35,"30,4",64,0,"8,8",7,150,2,SE,6.930,12.710,11.740,27.250,40.000,43.530,47.340,137.940,39.100,26.310,14.740,17.630,9.790,15.190,,36.160,35.830,39.470,10.710,12.740
10/10/2023,"27,2","35,5","30,7",64,0,"8,9",5,110,2,SE,7.000,12.710,11.740,27.590,40.000,44.030,49.390,137.940,39.100,26.480,14.740,17.630,9.790,15.190,,36.160,35.830,39.470,10.710,12.740
11/10/2023,,"34,8","30,4",63,,"6,8",7,150,3,SE,7.000,12.660,11.660,26.920,40.000,42.430,48.210,136.580,38.440,26.740,14.620,17.700,9.650,15.330,,33.610,34.050,37.080,10.190,12.610
12/10/2023,"26,6","34,6","29,8",65,0,"8,8",6,130,3,SE,7.000,12.710,11.740,27.910,39.660,44.740,51.460,137.940,39.270,26.790,14.740,17.630,9.790,15.190,,36.160,35.530,38.700,10.710,12.740
13/10/2023,"26,8",35,"30,2",66,,"8,7",8,150,4,SE,7.010,12.610,11.740,28.090,40.000,44.740,51.460,137.940,39.100,26.620,14.740,17.630,9.790,15.190,,36.160,35.830,39.470,10.710,12.740
14/10/2023,"26,8","35,6","30,6",62,0,"8,5",8,150,5,SE,6.980,12.710,11.740,28.090,40.000,44.740,52.280,137.940,39.100,26.620,14.740,17.630,9.790,15.240,,36.160,35.830,39.470,11.040,12.740
15/10/2023,27,35,"30,2",67,0,"8,7",7,140,4,SE,6.940,12.710,11.740,28.440,39.660,45.530,52.370,137.940,39.100,26.310,14.740,17.630,9.790,15.240,,36.160,35.830,39.470,11.040,12.740
16/10/2023,"27,8","35,2","30,8",66,0,"7,7",7,150,4,SE,7.050,12.710,11.740,28.440,39.660,46.430,53.210,137.940,39.100,26.130,14.740,17.630,9.790,15.190,,36.160,35.830,39.470,11.040,12.570
17/10/2023,26,35,"30,4",64,0,"8,9",11,100,5,S,7.010,12.710,11.740,28.090,39.660,45.610,53.130,137.940,39.100,25.970,14.740,17.630,9.790,15.190,,36.160,35.830,39.470,11.040,12.740
18/10/2023,"26,8","36,2","30,5",65,0,9,12,150,5,SE,6.970,12.800,11.740,28.090,39.660,47.020,54.110,137.940,39.100,25.970,14.740,17.630,9.790,15.190,,36.700,36.250,39.900,11.040,12.820
19/10/2023,"27,6","35,4",31,62,0,9,8,140,4,SE,7.100,12.800,11.740,28.440,39.660,45.940,53.040,137.940,39.100,26.120,14.920,17.460,10.160,14.980,,36.700,36.250,39.900,11.040,12.960
20/10/2023,"27,2",36,"31,4",65,0,"8,9",7,120,3,S,7.040,12.800,11.740,28.090,39.280,48.800,56.910,137.940,39.100,25.970,14.920,17.460,10.160,14.980,,36.700,36.250,39.900,11.040,12.960
21/10/2023,"26,8",36,"31,1",65,,"8,8",4,140,2,NE,7.040,12.800,11.740,28.090,39.660,49.130,56.470,137.940,39.100,25.980,14.920,17.460,10.160,15.170,,36.700,36.250,39.900,11.040,12.960
22/10/2023,"26,8","36,8","30,9",64,0,"6,6",5,120,2,E,6.960,12.800,11.740,28.090,39.120,50.000,56.950,137.940,39.100,26.130,14.920,17.460,10.160,14.980,,36.700,36.250,39.900,11.040,12.820
23/10/2023,"26,8","36,8","30,9",64,0,"6,6",5,120,2,E,7.010,12.800,11.740,28.090,39.120,49.920,56.470,137.940,39.100,26.130,14.920,17.460,10.160,14.990,,36.700,36.250,39.900,11.040,12.960
24/10/2023,"27,2","35,4","30,8",68,1,9,6,110,3,E,7.040,12.800,11.740,28.090,39.120,49.920,62.460,137.940,38.420,26.150,14.920,17.460,10.160,15.170,,36.700,36.250,39.120,11.040,12.960
25/10/2023,"27,8","35,8",31,61,0,"7,2",7,160,4,SE,7.080,12.800,11.740,28.090,39.120,51.610,66.490,137.940,38.600,25.980,14.920,17.460,10.160,14.990,,36.700,36.250,39.900,11.040,12.960
26/10/2023,"26,2","36,8","31,3",62,0,"8,8",6,160,3,SE,7.050,12.800,11.740,31.330,43.370,49.800,64.060,137.940,38.600,25.980,14.920,17.460,10.160,14.990,,36.700,36.250,39.900,11.040,12.960
27/10/2023,"26,8","36,5","30,6",67,,9,7,150,3,SE,7.060,12.800,11.740,28.440,39.120,55.650,68.540,137.940,38.770,26.130,14.920,17.100,10.160,15.170,,36.700,36.250,39.900,11.040,12.960
28/10/2023,"26,2","36,6","30,9",58,0,9,6,150,2,SE,7.070,12.800,11.740,26.580,40.000,57.220,73.120,137.940,38.460,26.150,14.920,17.460,10.160,14.990,,36.700,36.250,39.900,11.040,12.960
29/10/2023,"25,8",36,"30,8",64,,9,6,160,3,SE,7.030,12.700,11.740,26.580,40.000,57.220,73.970,137.940,38.770,25.980,14.920,17.280,10.160,14.990,,36.700,36.250,39.900,11.040,12.960
30/10/2023,"27,6","36,2","31,4",64,0,"9,1",7,150,4,SE,7.090,12.800,11.740,27.590,40.000,58.710,75.530,137.940,38.770,26.150,14.920,17.280,10.160,14.990,,36.700,36.250,39.900,11.040,12.960
31/10/2023,"28,4","36,2","31,2",67,0,"8,9",6,150,3,SE,7.060,12.800,11.740,28.630,40.000,57.220,76.250,137.940,39.100,28.450,14.920,17.280,10.160,14.990,,36.700,36.250,39.900,11.040,12.960
01/11/2023,"27,8","36,2","31,3",64,0,"9,1",5,70,2,SE,6.370,12.670,15.440,15.510,34.540,35.130,56.650,120.980,42.240,30.520,15.930,19.050,10.320,16.220,,42.140,31.180,33.190,10.840,13.250
02/11/2023,27,"36,4","31,5",63,0,"8,2",9,150,3,SE,6.370,12.670,15.490,16.930,35.030,36.150,58.000,120.980,42.660,29.870,16.530,19.210,10.550,16.220,,40.950,31.180,34.060,10.770,13.250
03/11/2023,"28,6","34,8","30,7",69,8888,9,6,120,3,SE,6.370,12.640,15.490,17.330,34.620,36.410,60.430,120.980,42.380,30.240,16.420,19.120,10.550,16.220,,41.860,31.180,34.060,10.840,13.250
04/11/2023,28,"35,8","29,2",77,0,"5,5",6,120,2,SE,6.370,12.640,15.490,17.330,34.790,38.570,62.260,120.980,42.300,30.240,16.400,19.120,10.450,16.220,,40.940,30.700,33.480,10.840,13.250
05/11/2023,"26,6","34,2","30,2",73,"13,9","4,8",4,80,2,SE,6.370,12.640,15.360,17.620,34.790,38.260,62.660,120.980,42.700,29.790,16.400,19.210,10.450,16.220,,43.220,31.350,34.370,10.840,13.250
06/11/2023,27,"36,2",31,66,,"6,8",6,170,3,SE,6.370,12.490,15.360,18.130,34.480,39.060,59.610,120.980,42.090,29.980,16.600,19.210,10.450,16.220,,43.220,31.350,34.370,10.840,13.250
07/11/2023,"26,4","36,2",31,65,0,9,6,140,3,E,6.510,12.490,15.480,18.220,34.580,40.930,61.150,120.980,41.930,29.980,16.670,19.210,10.450,16.220,,42.840,31.180,34.210,10.840,13.250
08/11/2023,"26,5","37,2",31,65,0,"7,6",4,310,2,N,6.600,12.470,15.200,18.590,34.540,40.890,63.860,121.090,41.590,29.950,16.430,18.690,10.430,16.130,,43.210,30.330,34.110,10.930,13.270
09/11/2023,"26,6","35,3",31,70,0,"8,8",5,20,2,N,6.510,12.540,15.600,19.170,34.580,43.730,64.360,120.980,41.930,29.980,16.670,19.210,10.550,16.220,,43.400,31.180,33.620,10.840,13.340
10/11/2023,"27,5","35,2","30,9",71,"9,5","7,3",3,20,2,N,6.510,12.490,15.600,18.780,34.580,44.410,63.430,120.980,42.250,29.880,16.670,19.210,10.450,16.220,,43.220,30.530,34.320,10.840,13.340
11/11/2023,"27,8","35,8","31,1",67,0,6,7,100,4,E,6.510,12.490,15.600,19.160,34.580,43.320,61.190,121.150,42.040,29.780,16.720,19.210,10.450,16.220,,40.240,30.530,33.740,10.840,13.340
12/11/2023,"26,2","35,2","30,7",68,0,"8,7",6,80,4,SE,6.600,12.470,15.780,19.950,34.220,44.610,59.840,121.090,41.850,29.540,16.740,18.940,10.500,16.720,,40.060,30.680,33.390,10.850,13.270
13/11/2023,27,"36,2","31,6",66,,"7,5",4,140,2,SE,6.510,12.490,15.390,19.780,34.250,48.450,59.690,121.150,42.360,29.780,16.570,19.220,10.450,16.220,,39.900,30.210,33.330,10.840,13.340
14/11/2023,"27,6","35,8","31,2",69,0,"9,4",5,70,2,SE,6.580,12.490,15.510,19.780,33.550,55.320,62.240,121.150,42.150,29.710,16.860,19.020,10.550,16.170,,42.070,32.090,33.900,10.840,13.340
15/11/2023,27,"35,8","31,7",67,"0,8",7,5,120,2,E,6.580,12.490,15.510,19.800,33.820,52.550,62.320,120.980,41.830,30.940,16.860,19.220,10.640,15.570,,42.100,32.090,34.060,10.960,13.340
16/11/2023,"28,2","35,6","30,8",69,0,8,5,120,2,NW,6.690,12.470,15.340,20.640,32.260,52.940,61.990,121.090,41.370,29.530,16.750,18.940,10.880,16.080,,41.180,31.950,34.610,11.080,13.270
17/11/2023,27,"35,8","30,6",73,23,"6,9",3,330,2,NW,6.580,12.490,15.510,19.950,33.470,54.330,62.790,120.980,41.430,29.540,16.910,19.220,10.550,16.590,,41.060,31.660,34.060,10.960,13.340
18/11/2023,"26,6","36,2","31,1",64,0,"3,1",5,340,2,N,6.580,12.490,15.510,19.990,33.690,55.540,65.280,120.980,41.310,29.620,17.020,19.130,10.490,16.170,,40.690,31.180,33.480,10.960,13.340
19/11/2023,"27,2","36,2","31,5",60,0,"6,2",6,170,3,SE,6.620,12.500,15.660,20.150,33.610,54.460,64.860,121.230,41.040,29.190,17.410,18.810,10.610,15.970,,42.360,30.880,32.530,10.970,13.310
20/11/2023,"27,2","36,2","31,9",62,0,"9,2",7,130,3,E,6.580,12.490,15.510,20.130,34.340,53.730,65.450,120.980,41.590,29.480,17.190,18.740,10.390,16.060,,43.030,32.970,35.630,10.770,13.340
21/11/2023,28,"36,2","31,4",67,,"9,2",6,140,3,SE,6.580,12.490,15.850,20.300,34.310,57.300,71.710,121.770,41.590,29.060,17.440,18.820,10.390,16.080,,40.430,31.090,33.640,10.770,13.340
22/11/2023,"26,4","36,8","32,4",64,0,"9,2",8,130,4,SE,6.580,12.490,15.630,20.510,33.990,57.730,72.190,121.770,41.370,29.030,17.490,18.590,10.390,15.870,,39.950,31.090,34.920,10.770,13.340
23/11/2023,"28,6","37,2","31,6",63,0,9,7,130,3,SE,6.580,12.490,15.410,20.380,34.520,57.040,70.580,121.770,41.370,29.240,17.490,18.590,10.380,15.870,,40.430,31.090,34.920,10.860,13.340
24/11/2023,28,"35,6","29,9",73,0,"7,1",3,170,2,SE,6.550,12.490,15.850,20.380,34.520,56.370,69.090,121.770,41.370,29.240,17.440,18.590,10.470,15.870,,40.910,30.960,34.920,10.770,13.340
25/11/2023,"27,6","33,8","29,4",74,0,"3,3",5,340,2,N,6.550,12.490,15.640,20.510,34.520,56.620,69.810,121.770,41.370,29.240,17.690,18.590,10.810,15.870,,40.430,30.410,34.920,10.770,13.120
26/11/2023,"26,6",35,"30,6",68,0,2,5,300,2,S,6.650,12.470,15.710,21.230,34.460,55.760,72.250,121.970,40.990,28.940,17.880,18.440,10.310,15.740,,41.180,30.450,35.590,10.850,13.270
27/11/2023,"27,1","34,8","29,6",77,0,9,8,320,3,E,6.550,12.490,15.850,20.470,34.360,59.390,71.330,121.770,41.260,29.240,17.720,18.590,10.280,15.870,,40.900,29.860,34.510,10.530,13.340
28/11/2023,"26,4","32,2",28,83,"18,5","4,5",5,120,2,SE,6.550,12.490,15.640,20.930,34.150,57.690,73.710,120.980,41.590,30.200,17.580,18.690,10.380,16.060,,41.060,30.680,33.480,10.270,13.340
29/11/2023,"25,8","33,4","29,6",78,"33,5","0,8",5,40,2,E,6.550,12.490,15.730,20.800,34.090,58.240,73.750,120.980,41.230,29.550,17.370,18.690,10.380,15.430,,42.100,32.380,33.990,10.270,13.290
30/11/2023,"26,2","34,8","29,9",74,8888,"4,8",6,50,2,SE,6.550,12.490,15.640,20.800,34.090,57.810,73.300,120.980,41.230,29.550,17.580,18.690,10.380,16.060,,42.100,32.970,34.570,10.360,13.340
01/12/2023,"27,2","35,8","28,4",80,"0,7","5,9",6,340,2,NW,6.540,13.080,12.790,27.290,32.710,68.120,84.820,130.580,33.340,27.130,16.510,16.250,10.260,14.170,,33.570,33.950,33.570,11.850,12.530
02/12/2023,"25,8","33,6","29,3",76,"4,4","2,7",4,80,2,E,6.450,13.120,12.710,27.250,32.680,69.570,86.490,129.960,33.800,26.950,16.630,16.360,10.180,14.270,,34.220,31.280,31.340,11.930,12.510
03/12/2023,"26,2","33,8","29,4",76,8888,"2,7",5,70,2,SE,6.550,13.000,12.790,27.340,33.030,69.670,80.890,129.870,33.860,26.870,16.740,15.940,10.140,14.190,,31.840,33.810,34.400,11.530,12.430
04/12/2023,"26,2","33,8","29,6",74,"6,2","6,2",4,60,1,C,6.630,13.240,12.770,27.840,32.740,71.930,87.690,130.420,34.190,26.540,16.620,16.300,10.140,14.250,,33.920,33.760,34.080,11.890,12.550
05/12/2023,"26,2",35,"30,3",72,8888,"1,2",5,20,2,N,6.460,13.160,12.740,27.610,32.670,73.300,87.420,130.680,34.130,26.620,16.580,16.250,10.120,14.270,,33.860,34.180,33.650,11.990,12.320
06/12/2023,"26,5","35,6","30,6",72,0,"7,4",3,100,2,N,6.600,13.130,12.620,28.140,32.380,74.340,87.100,130.700,33.820,26.590,16.610,16.330,10.250,14.260,,33.920,33.850,33.670,11.990,12.570
07/12/2023,"25,8","35,8","29,8",72,0,"7,1",7,340,3,N,6.520,13.170,12.650,28.300,33.200,73.930,87.810,130.990,33.920,26.580,16.540,16.420,10.090,14.260,,33.950,33.780,33.880,11.930,12.470
08/12/2023,25,"34,6","29,5",77,"18,5","9,2",4,50,2,NW,6.610,13.150,12.780,28.460,32.590,75.200,88.260,130.430,34.350,26.420,16.500,16.520,10.100,14.370,,31.450,33.750,33.340,12.160,12.440
09/12/2023,"26,4","33,5","29,9",75,8888,"5,2",4,340,2,N,6.540,13.150,12.680,29.050,33.030,74.870,88.380,130.670,34.190,26.630,16.660,16.330,10.060,14.280,,33.720,31.070,33.740,11.930,12.470
10/12/2023,"26,8","33,6","28,7",80,,"1,8",4,330,1,C,6.580,13.100,12.710,29.040,32.490,74.900,85.410,130.600,34.280,26.500,16.520,16.280,9.930,14.220,,34.050,33.910,33.920,11.800,12.390
11/12/2023,"26,4",36,"30,5",69,20,"1,5",4,350,2,N,6.500,13.280,12.600,29.160,32.720,73.860,86.880,130.810,34.330,26.500,16.680,16.300,9.980,14.330,,34.050,33.960,33.990,11.950,12.370
12/12/2023,"25,8","36,2","31,1",69,0,"8,6",5,360,3,N,6.600,13.190,12.690,29.270,33.930,72.580,87.580,130.840,34.070,26.450,16.550,16.520,10.070,14.250,,33.740,33.750,33.510,11.960,12.440
13/12/2023,"27,4",35,"30,2",73,0,9,6,160,2,S,6.520,13.200,12.610,29.740,33.540,73.330,87.910,129.950,33.830,26.380,16.720,16.360,10.150,14.260,,34.020,33.820,33.700,12.090,12.380
14/12/2023,27,"34,2","29,8",76,0,"5,2",4,140,2,SE,6.610,13.170,12.590,29.720,33.510,70.820,85.330,130.780,33.730,26.250,16.730,16.340,10.050,14.320,,33.610,33.600,33.490,11.930,12.410
15/12/2023,"26,6","34,4","29,4",75,"20,2","2,1",5,20,2,S,6.520,13.160,12.600,29.330,33.540,67.390,84.500,130.590,33.790,26.360,16.720,16.430,10.040,14.280,,34.130,33.330,33.780,11.150,12.380
16/12/2023,"25,4","35,8","31,3",67,"0,4","6,2",6,330,2,NW,6.530,13.160,12.550,29.200,33.080,67.560,82.960,130.260,33.790,26.500,16.780,16.230,10.030,14.240,,34.020,33.280,33.550,11.130,12.440
17/12/2023,"26,8","35,6","30,6",69,0,"9,3",5,30,3,SE,6.570,13.180,12.620,29.220,33.320,67.380,81.430,131.170,33.970,26.470,16.670,16.430,10.030,14.250,,33.320,33.140,33.380,11.610,12.750
18/12/2023,"26,8","34,2","30,6",66,8888,"8,8",4,60,2,SE,6.600,13.120,12.640,30.200,33.900,60.510,78.460,130.410,33.490,26.320,16.730,16.460,10.100,14.320,,33.530,33.520,33.750,12.000,12.460
19/12/2023,"26,6",36,"30,8",62,0,"6,6",4,340,2,NW,6.640,13.200,12.530,30.580,34.250,57.720,75.230,129.350,33.410,26.310,16.730,16.600,10.030,14.440,,32.460,33.060,30.410,12.450,12.410
20/12/2023,"25,8","34,4","30,5",61,0,"7,7",5,130,2,SE,6.710,13.170,12.610,30.530,34.280,57.750,74.860,130.340,33.620,26.590,16.730,16.470,10.040,14.360,,33.230,33.500,33.750,12.140,12.500
21/12/2023,"26,4","35,6","31,1",65,0,"9,3",5,360,2,N,6.680,13.200,12.600,31.160,34.230,57.520,75.120,131.000,33.880,26.440,16.730,16.470,10.090,14.080,,33.410,33.930,33.980,11.770,12.460
22/12/2023,"27,8",36,31,68,0,"8,8",4,160,2,W,6.600,13.180,12.590,31.620,34.340,57.040,75.030,130.420,33.990,26.350,16.700,16.430,10.030,14.230,,33.190,33.030,33.500,11.660,12.360
23/12/2023,27,35,31,68,0,"7,7",5,340,2,NE,6.690,13.130,12.540,33.000,34.910,56.000,71.680,129.530,33.520,26.270,16.730,16.490,10.030,14.270,,33.830,32.930,33.270,12.150,12.450
24/12/2023,"26,4","36,4","31,2",69,,"9,3",5,80,2,SE,6.780,13.150,12.580,32.780,34.790,56.490,73.440,130.700,33.860,26.530,16.720,16.550,9.900,14.350,,33.690,33.190,33.580,12.170,12.350
25/12/2023,"27,2","34,6","28,5",80,0,"8,6",6,270,2,NW,6.700,13.140,12.540,32.440,34.410,55.220,74.890,130.240,33.980,26.400,16.700,16.350,9.950,14.270,,25.500,33.150,33.620,12.150,12.500
26/12/2023,"25,2","34,6","29,9",74,"37,1",2,4,250,2,NW,6.780,13.170,13.040,32.930,34.490,56.190,73.340,130.090,34.050,26.400,16.790,16.470,10.070,14.270,,33.380,33.050,32.900,11.760,12.470
27/12/2023,"26,8","34,4","30,6",72,0,7,4,150,2,NE,6.800,13.200,12.640,33.860,34.510,56.340,74.910,130.250,34.350,26.530,16.740,16.460,9.960,14.340,,33.340,33.210,34.070,12.050,12.390
28/12/2023,"27,4","35,6","30,6",75,0,8,8,100,2,E,6.720,13.140,12.590,34.600,35.270,55.830,74.410,130.470,34.030,26.460,16.780,16.460,10.110,14.250,,30.960,32.880,33.460,11.940,12.460
29/12/2023,"27,8","35,6","30,8",74,8888,"5,5",6,70,3,SE,6.820,13.150,12.570,34.650,35.390,56.200,73.660,130.810,34.180,26.370,16.670,16.540,10.070,14.280,,33.730,33.400,33.760,11.940,12.440
30/12/2023,27,"35,8","30,6",76,"14,2","6,5",4,350,2,N,6.820,13.160,12.640,34.570,34.770,55.360,73.170,130.230,34.000,26.430,16.690,16.470,10.090,14.280,,33.660,33.310,31.230,11.960,12.420
31/12/2023,27,"35,8","30,5",75,8888,"7,7",6,100,2,N,6.790,13.130,12.650,34.960,34.540,54.170,72.000,130.440,34.350,26.460,16.730,16.470,10.110,14.320,,33.610,33.000,33.680,12.170,12.490
01/01/2024,"23,6","31,3","27,5",85,"16,4","3,9",4,10,1,C,7.300,13.120,13.260,36.440,37.440,53.630,75.910,135.120,35.670,28.080,17.230,17.110,10.680,14.620,,37.960,33.160,33.770,11.550,13.420
02/01/2024,"23,6","32,8","27,2",86,"1,5","2,3",3,45,0,C,7.260,13.200,13.330,36.860,38.080,54.690,76.450,134.230,35.580,28.110,17.270,17.240,10.700,14.720,,38.210,33.440,34.450,11.540,13.480
03/01/2024,"24,4","29,8","26,4",90,"13,7","2,2",3,260,1,C,7.400,13.220,13.430,37.050,38.000,55.230,76.880,134.730,35.580,28.080,17.270,17.230,10.670,14.660,,37.730,33.680,34.580,11.530,13.440
04/01/2024,"24,2","31,6","25,6",91,1,"0,4",4,170,1,C,7.440,13.220,13.430,37.470,38.230,54.780,73.890,134.210,35.720,28.030,17.310,17.320,10.720,14.680,,37.850,33.330,34.410,11.510,13.490
05/01/2024,"23,8","32,3","27,2",82,"5,2","1,3",3,330,1,C,7.380,13.240,13.440,37.670,38.170,53.260,71.360,134.540,35.670,28.110,17.280,17.200,10.700,14.660,,37.860,33.520,33.220,11.500,13.480
06/01/2024,"23,2","32,6","26,1",87,0,"3,8",5,240,1,C,7.440,13.250,13.460,37.940,38.170,51.820,69.590,134.800,35.730,28.000,17.290,17.270,10.690,14.610,,38.240,33.120,34.000,11.560,13.480
07/01/2024,"23,5","31,6","25,3",90,"2,8","4,5",8,70,2,C,7.440,13.240,13.440,38.190,38.370,51.820,67.350,134.690,35.740,27.890,17.310,17.250,10.680,14.640,,37.930,33.130,34.300,11.580,13.460
08/01/2024,23,"31,7","26,1",87,19,"5,1",8,330,1,C,7.610,13.300,13.490,38.230,38.700,50.930,64.730,134.200,35.690,27.970,17.350,17.310,10.690,14.710,,38.150,33.110,34.220,11.570,13.520
09/01/2024,"23,3","33,5","27,5",82,"3,9","5,4",10,310,1,C,7.520,13.240,13.440,37.890,38.440,50.590,61.960,134.240,35.670,27.780,17.290,17.240,10.670,14.680,,37.110,32.970,33.840,11.490,13.470
10/01/2024,"23,6",33,"26,2",88,"3,5","7,1",14,270,1,C,7.600,13.290,13.410,38.160,38.570,49.890,60.170,134.560,35.640,27.860,17.270,17.240,10.670,14.710,,37.260,32.660,33.940,11.530,13.470
11/01/2024,,"32,8","25,7",92,35,"5,4",5,20,0,C,7.620,13.310,13.430,38.030,38.490,49.470,58.990,134.330,35.720,27.860,17.260,17.300,10.670,14.710,,37.450,32.390,33.560,11.540,13.490
12/01/2024,"23,5","30,8",26,88,"20,8","3,3",7,270,1,C,7.600,13.260,13.410,38.050,38.580,49.520,56.550,133.740,35.730,27.880,17.270,17.300,10.660,14.720,,37.080,32.340,33.920,11.490,13.490
13/01/2024,"22,8","33,6","26,4",85,,"1,8",6,10,1,C,7.600,13.300,13.480,38.070,38.640,48.910,55.140,134.010,35.790,27.820,17.280,17.360,10.670,14.750,,37.470,32.210,33.640,11.500,13.520
14/01/2024,"22,9","32,5","26,5",85,"10,6","4,7",14,360,2,C,7.570,13.270,13.400,37.820,38.450,48.600,54.090,134.260,35.440,27.710,17.240,17.250,10.640,14.670,,37.450,32.150,33.640,11.490,13.450
15/01/2024,23,"31,8","27,2",82,7,"6,8",2,320,0,C,7.680,13.260,13.400,37.010,38.410,48.690,53.100,134.080,35.510,27.800,17.230,17.300,10.650,14.730,,37.070,32.430,33.940,11.390,13.460
16/01/2024,23,"32,5","27,6",80,,"4,8",3,130,0,C,7.670,13.260,13.440,36.860,38.550,49.210,52.660,134.150,35.590,27.850,17.250,17.290,10.650,14.750,,37.270,32.470,33.730,11.610,13.470
17/01/2024,"24,5","30,4","25,5",91,,"6,7",11,180,1,C,7.760,13.280,13.440,36.770,38.580,49.520,51.800,134.120,35.770,27.950,17.270,17.360,10.700,14.770,,37.130,32.330,33.220,11.570,13.510
18/01/2024,"23,4","30,2","26,5",86,"3,7","2,1",5,335,1,C,7.780,13.290,13.420,36.200,38.630,49.510,50.380,134.360,35.430,27.900,17.210,17.210,10.650,14.730,,37.100,31.970,33.600,11.420,13.390
19/01/2024,"23,4","32,9","23,7",94,"26,9","0,6",4,200,0,C,7.890,13.270,13.400,36.200,38.670,49.120,48.550,134.220,35.450,28.180,17.270,17.160,10.590,14.770,,36.700,31.850,33.550,11.480,13.390
20/01/2024,"21,4","33,2",27,70,"32,5",0,12,235,3,C,8.120,13.300,13.450,36.380,38.850,49.140,47.940,134.390,35.480,28.200,17.310,17.230,10.700,14.810,,37.160,32.200,33.860,11.500,13.500
21/01/2024,22,31,"25,9",88,,"10,1",2,260,0,C,7.970,13.300,13.420,36.050,38.680,48.640,47.470,134.550,35.410,28.130,17.290,17.200,10.650,14.800,,37.260,32.060,33.520,11.540,13.430
22/01/2024,"23,1","32,5","27,2",73,6,"4,2",10,200,2,C,8.060,13.320,13.480,35.790,38.810,49.490,46.760,134.140,35.360,28.110,17.340,17.170,10.680,14.830,,37.710,32.180,32.840,11.520,13.430
23/01/2024,"23,6","30,7","26,4",81,"2,6","3,7",5,255,1,C,8.110,13.350,13.470,35.660,38.760,49.710,45.730,134.450,35.300,28.170,17.370,17.230,10.700,14.820,,37.470,32.030,33.340,11.510,13.460
24/01/2024,"22,1","30,9","26,3",83,"0,5","1,4",6,150,1,C,8.290,13.380,13.430,35.200,38.740,50.170,45.380,134.030,35.310,28.230,17.400,17.250,10.680,14.870,,37.290,32.240,33.950,11.640,13.470
25/01/2024,"22,3","32,6","27,9",79,"19,5","2,6",4,20,1,C,8.220,13.400,13.440,35.070,38.820,49.850,44.860,133.950,35.230,28.300,17.450,17.280,10.690,14.910,,36.970,31.740,33.460,11.570,13.450
26/01/2024,24,"32,2","27,1",84,,"9,2",5,315,1,C,8.290,13.390,13.480,34.790,38.690,50.030,44.460,134.050,35.190,28.310,17.410,17.260,10.680,14.930,,37.460,32.190,34.150,11.590,13.450
27/01/2024,"24,1","27,2","25,1",94,"3,7","6,3",5,280,1,C,8.330,13.380,13.440,34.530,38.660,49.810,43.890,134.010,34.870,28.170,17.440,17.230,10.640,14.890,,37.690,32.110,34.020,11.540,13.430
28/01/2024,"23,5","29,3","24,9",92,"32,9",0,10,20,2,C,8.220,13.420,13.420,34.530,38.690,49.410,43.420,134.230,34.730,28.250,17.400,17.270,10.650,14.960,,37.290,32.460,33.650,11.600,13.480
29/01/2024,"22,8","28,6","25,5",92,"65,7","1,3",4,20,1,C,8.340,13.430,13.450,34.340,38.660,49.240,43.690,133.950,35.000,28.360,17.430,17.320,10.680,15.010,,37.150,32.650,34.000,11.680,13.450
30/01/2024,"22,9","28,8","25,4",92,"8,7","0,2",10,200,1,C,8.420,13.460,13.460,34.330,38.850,48.920,43.560,133.810,35.020,28.340,17.490,17.390,10.690,15.070,,37.900,32.580,34.120,11.590,13.500
31/01/2024,23,31,"25,2",90,"50,7","0,2",6,300,1,C,8.440,13.490,13.460,33.940,38.730,48.360,42.600,133.890,34.920,28.250,17.440,17.270,10.640,15.070,,37.790,32.290,34.070,11.530,13.440
01/02/2024,"22,2","31,1","25,4",89,"1,3","4,5",10,190,2,C,8.440,13.500,13.460,33.730,38.750,48.240,42.550,133.670,34.970,28.370,17.480,17.340,10.630,15.040,,37.870,32.590,34.050,11.590,13.480
02/02/2024,"22,5","33,3","27,2",82,"24,3","4,7",11,30,2,C,8.500,13.520,13.380,33.540,38.640,48.630,42.330,133.620,35.040,28.260,17.460,17.280,10.600,15.050,,37.850,32.600,33.920,11.590,13.440
03/02/2024,"24,4","30,7","25,6",90,"10,5","8,8",9,325,2,C,8.540,13.570,13.430,33.800,38.680,49.170,42.180,133.770,35.180,28.430,17.520,17.340,10.660,15.040,,37.960,32.640,34.190,11.680,13.440
04/02/2024,"23,4","31,8","26,2",86,"1,7","3,5",11,230,2,C,8.480,13.550,13.340,33.390,38.430,49.670,41.920,134.170,34.850,28.230,17.450,17.280,10.570,15.050,,37.100,31.950,33.360,11.600,13.430
05/02/2024,23,"31,4","26,5",84,"4,2",1,4,270,1,C,8.510,13.620,13.480,33.200,38.610,50.830,42.590,133.920,35.420,28.240,17.490,17.350,10.580,15.110,,37.610,32.200,34.230,11.710,13.440
06/02/2024,"23,8","29,8","24,6",91,"1,5","5,2",6,300,1,C,8.500,13.630,13.430,33.100,38.630,51.660,43.030,134.240,35.490,28.310,17.500,17.380,10.590,15.150,,37.450,32.170,34.010,11.760,13.490
07/02/2024,"22,3","30,7",25,90,"3,2","0,5",8,180,1,C,8.570,13.720,13.420,33.050,38.520,51.710,42.940,133.640,35.660,28.480,17.500,17.360,10.610,15.210,,37.420,32.310,33.990,11.560,13.490
08/02/2024,21,"34,4","27,4",78,25,"3,3",5,10,1,C,8.560,13.690,13.350,32.990,38.380,51.670,43.190,133.930,35.730,28.460,17.490,17.370,10.610,15.170,,36.990,32.170,33.280,11.560,13.450
09/02/2024,"21,4",32,"28,3",77,8888,8,8,20,2,C,8.480,13.600,13.300,32.680,37.960,52.350,44.730,133.400,36.030,28.320,17.340,17.340,10.470,15.120,,36.640,31.740,33.130,11.270,13.520
10/02/2024,"21,4","32,6","25,4",90,0,7,4,270,1,C,8.540,13.810,13.420,33.230,38.540,53.630,45.560,134.480,36.330,28.310,17.610,17.490,10.700,15.180,,37.040,31.710,33.350,11.890,13.610
11/02/2024,"22,2","31,7","25,7",88,"3,1","2,9",12,180,2,C,8.620,13.710,13.350,32.780,38.340,52.740,44.750,134.450,35.780,28.400,17.430,17.360,10.540,15.160,,37.100,31.570,33.600,11.600,13.410
12/02/2024,"22,6","31,8","27,1",83,"38,7","6,2",6,340,1,C,8.530,13.830,13.380,33.100,38.530,53.570,46.610,133.950,36.100,28.510,17.530,17.420,10.590,15.210,,36.890,32.300,33.460,11.640,13.450
13/02/2024,"23,5",32,"28,3",80,8888,"5,9",5,360,1,C,8.610,13.890,13.370,32.870,38.330,54.660,47.460,133.940,36.200,28.590,17.490,17.460,10.590,15.210,,36.910,31.910,33.390,11.580,13.450
14/02/2024,"23,8","30,8","27,3",86,"10,1",7,8,355,1,C,8.460,13.970,13.450,33.010,38.390,54.660,49.030,133.610,36.460,28.440,17.510,17.530,10.660,15.190,,37.950,32.410,33.080,11.520,13.520
15/02/2024,"24,3","31,8","26,8",89,3,"0,9",4,300,1,C,8.560,13.950,13.340,32.920,38.250,56.010,51.290,134.020,36.280,28.660,17.520,17.400,10.560,15.160,,37.080,32.140,33.640,11.570,13.430
16/02/2024,"24,6","30,7","26,3",91,9,"3,3",9,220,2,C,8.610,13.970,13.360,33.250,38.470,58.160,54.520,134.000,36.270,28.830,17.530,17.470,10.600,15.210,,37.750,32.260,33.500,11.740,13.440
17/02/2024,"24,5","30,8","25,8",91,"3,6","1,6",5,20,1,C,8.530,13.990,13.310,33.270,38.510,59.310,56.940,133.770,36.320,28.870,17.530,17.490,10.620,15.260,,37.870,32.120,33.490,11.610,13.450
18/02/2024,"23,5","32,1","25,9",89,"14,4","3,8",13,190,2,C,8.570,13.990,13.330,33.470,38.540,60.580,59.220,133.920,36.260,28.840,17.550,17.500,10.610,15.260,,37.910,32.510,32.970,11.670,13.450
19/02/2024,"23,6",32,"27,1",86,"3,7","5,3",8,360,2,C,8.670,14.080,13.350,33.570,38.650,62.510,61.350,134.010,36.380,29.080,17.550,17.470,10.590,15.290,,38.120,32.830,33.930,11.650,13.480
20/02/2024,"23,6",,"27,3",84,8888,"4,7",5,40,1,C,8.740,14.120,13.390,33.810,38.780,63.380,62.510,134.160,36.490,29.200,17.580,17.500,10.640,15.360,,37.870,33.130,34.170,11.700,13.460
21/02/2024,24,32,"26,9",87,64,8,10,240,1,C,8.670,14.140,13.350,34.000,38.670,64.350,64.030,134.220,36.560,29.260,17.550,17.510,10.590,15.370,,37.630,32.820,33.840,11.660,13.470
22/02/2024,24,"33,4","28,2",82,"0,6","5,1",5,20,1,C,8.760,14.230,13.340,34.030,38.840,66.100,64.730,134.130,36.660,29.310,17.590,17.520,10.620,15.390,,37.680,32.490,34.150,11.690,13.480
23/02/2024,"23,8","33,6","28,5",78,,"8,1",4,300,1,C,8.750,14.210,13.280,34.070,38.810,67.010,64.870,134.240,36.620,29.540,17.560,17.510,10.610,15.380,,37.510,32.370,33.960,11.710,13.470
24/02/2024,"24,8","34,2","27,8",83,,8,6,340,2,C,8.770,14.220,13.250,34.050,38.710,67.480,64.650,133.920,36.620,29.520,17.590,17.450,10.560,15.390,,37.270,32.170,32.410,11.620,13.420
25/02/2024,"23,6","30,6","26,9",86,"4,8","5,8",4,280,1,C,8.710,14.250,13.320,34.210,38.780,67.820,64.040,134.430,36.770,29.650,17.580,17.530,10.620,15.470,,36.700,32.270,33.660,11.640,13.430
26/02/2024,"24,4","30,1","26,9",85,8888,"0,4",6,270,1,C,8.740,14.300,13.300,34.330,39.000,68.570,63.840,134.140,36.840,29.900,17.640,17.580,10.640,15.490,,37.180,32.640,34.030,11.570,13.470
27/02/2024,"24,1","32,2","26,9",83,,"2,3",10,360,3,C,8.710,14.330,13.290,34.370,38.860,67.940,63.630,134.110,36.810,30.110,17.610,17.590,10.660,15.460,,37.170,32.340,34.230,11.560,13.510
28/02/2024,"24,2","28,9","26,2",89,"1,1","6,8",3,160,0,C,8.670,14.300,13.280,34.020,38.800,67.770,63.520,134.190,36.950,30.280,17.600,17.570,10.600,15.410,,37.580,32.390,33.830,11.550,13.440
29/02/2024,"24,2","28,6","24,8",93,5,0,3,230,1,C,8.660,14.330,13.280,34.080,39.090,66.520,63.260,134.490,37.010,30.540,17.650,17.550,10.630,15.430,,37.330,32.680,33.540,11.660,13.450
01/03/2024,23,32,"25,7",89,"3,7",1,4,280,1,C,8.660,14.320,13.250,34.040,39.060,65.680,61.770,134.290,37.110,30.590,17.670,17.620,10.600,15.490,,37.310,32.460,33.850,11.610,13.420
02/03/2024,"23,2",31,"25,6",94,25,"5,2",10,350,2,C,8.590,14.320,13.210,33.780,38.910,64.930,61.360,134.000,37.150,30.770,17.660,17.600,10.570,15.520,,36.860,32.330,33.670,11.580,13.430
03/03/2024,"23,8","31,3","25,5",91,57,"3,5",15,340,2,C,8.590,14.370,13.240,33.810,39.020,64.480,62.140,134.520,37.260,30.850,17.710,17.590,10.580,15.550,,37.640,32.350,33.900,11.590,13.460
04/03/2024,"22,6","31,9","26,7",86,"30,4","2,6",5,20,1,C,8.640,14.360,13.270,33.940,39.310,63.560,62.290,134.340,37.470,31.020,17.700,17.650,10.600,15.530,,37.170,32.560,33.900,11.680,13.490
05/03/2024,"23,6",32,"26,9",88,"0,7","4,3",7,340,2,C,8.560,14.330,13.260,33.930,39.360,62.620,62.140,134.380,37.550,31.250,17.710,17.640,10.580,15.580,,37.270,32.460,33.810,11.520,13.480
06/03/2024,"23,6","33,4","26,6",87,"0,8","3,4",18,160,1,C,8.490,14.340,13.240,33.870,39.270,62.580,62.110,134.380,37.720,31.280,17.730,17.670,10.580,15.620,,37.500,32.230,33.510,11.530,13.480
07/03/2024,"23,6","32,6","26,6",88,"40,2","5,4",11,150,2,C,8.500,14.320,13.310,34.010,39.450,62.510,62.050,134.660,38.030,31.350,17.790,17.700,10.600,15.590,,37.500,32.300,33.620,11.630,13.490
08/03/2024,24,"30,9","26,1",88,"65,2","6,3",10,240,4,SW,8.400,14.350,13.270,34.010,39.510,62.870,61.910,134.590,38.240,31.460,17.740,17.670,10.580,15.600,,37.410,32.120,33.380,11.500,13.460
09/03/2024,24,"27,1",25,91,"18,8","2,4",8,260,1,C,8.400,14.350,13.290,33.910,39.740,63.020,62.000,135.480,38.520,31.550,17.780,17.710,10.610,15.640,,37.190,31.990,33.490,11.670,13.490
10/03/2024,"23,4","31,4","26,9",88,4,"0,5",4,360,1,C,8.360,14.320,13.310,34.030,39.880,64.220,62.560,136.260,38.550,31.530,17.810,17.720,10.630,15.620,,37.420,32.030,33.300,11.610,13.530
11/03/2024,"24,6","29,2","26,4",90,2,"0,5",8,320,2,C,8.410,14.340,13.320,34.410,40.180,64.610,61.900,137.340,38.980,31.750,17.830,17.740,10.610,15.670,,37.420,32.510,34.070,11.600,13.510
12/03/2024,"23,9","30,2","26,4",86,"10,7","0,8",7,335,2,C,8.320,14.380,13.250,34.310,40.180,65.200,62.850,136.120,38.820,31.720,17.840,17.730,10.640,15.650,,37.390,32.520,33.880,11.650,13.530
13/03/2024,"24,2","30,4","26,2",91,"10,2","3,5",7,340,1,C,8.400,14.360,13.320,34.180,40.380,67.100,63.950,135.460,38.740,31.900,17.860,17.710,10.640,15.650,,37.840,32.980,34.100,11.610,13.490
14/03/2024,"24,6",28,25,92,"27,3","0,5",13,180,2,C,8.260,14.320,13.300,34.170,40.470,67.330,64.750,135.490,38.650,31.860,17.800,17.690,10.600,15.670,,37.650,32.750,34.270,11.490,13.460
15/03/2024,23,"30,8","24,8",90,"38,6",0,4,180,1,C,8.220,14.290,13.310,34.220,40.710,65.530,63.390,135.190,38.420,31.950,17.840,17.720,10.640,15.720,,37.660,31.930,33.870,11.580,13.470
16/03/2024,23,"29,6","25,2",89,"13,9","0,1",7,320,2,C,8.140,14.330,13.280,33.980,40.840,63.910,62.710,135.400,38.330,31.960,17.830,17.770,10.650,15.700,,37.830,32.680,34.160,11.630,13.530
17/03/2024,"23,1","28,4","24,9",91,"6,9","2,2",5,250,1,C,8.140,14.290,13.230,33.920,40.830,60.740,60.680,135.060,38.160,31.900,17.820,17.700,10.610,15.710,,37.830,32.440,33.590,11.590,13.450
18/03/2024,"22,3",,"26,7",82,9,1,10,260,2,C,8.240,14.260,13.280,34.380,41.430,56.920,57.240,134.620,38.250,31.980,17.900,17.820,10.690,15.780,,37.800,32.700,34.080,11.660,13.560
19/03/2024,"22,2",34,"27,2",71,,"5,6",8,280,2,C,8.220,14.280,13.260,34.120,41.240,54.170,55.530,135.420,38.210,31.970,17.870,17.790,10.660,15.740,,37.960,32.910,34.160,11.600,13.510
20/03/2024,"20,5","34,2","27,1",72,,"9,7",4,350,1,C,8.190,14.250,13.300,34.100,41.460,51.470,53.230,135.370,38.040,31.960,17.890,17.810,10.680,15.790,,37.510,32.720,34.360,11.660,13.500
21/03/2024,20,"33,9","27,8",78,,"10,1",10,340,3,C,8.090,14.260,13.260,33.910,41.450,49.470,51.680,135.260,38.020,32.050,17.860,17.840,10.620,15.820,,37.250,32.150,33.460,11.610,13.470
22/03/2024,"21,8","30,7","26,9",83,8888,"9,7",7,360,2,C,8.030,14.250,13.220,33.790,41.530,46.960,50.000,135.160,37.940,31.970,17.860,17.750,10.610,15.820,,37.260,32.370,33.520,11.620,13.450
23/03/2024,23,"33,4","28,4",79,0,"1,2",9,360,2,C,8.010,14.200,13.220,33.810,41.550,45.780,49.550,135.060,37.730,31.830,17.860,17.750,10.600,15.840,,37.210,32.230,33.190,11.570,13.460
24/03/2024,"24,6","34,2","27,4",84,"3,3","5,7",6,20,2,C,7.950,14.210,13.220,33.750,41.510,45.390,49.190,135.410,37.580,31.700,17.870,17.780,10.540,15.800,,37.410,32.120,33.460,11.630,13.440
25/03/2024,24,"33,4","26,4",88,134,"6,2",4,280,1,C,8.030,14.170,13.300,33.960,41.540,44.280,47.310,135.230,37.590,31.700,17.890,17.850,10.600,15.800,,37.440,32.270,33.660,11.610,13.460
26/03/2024,"23,6","33,6","26,6",86,"27,8","4,8",3,75,1,C,8.000,14.130,13.230,33.970,41.530,43.400,46.550,135.330,37.630,31.640,17.910,17.780,10.590,15.880,,37.080,32.260,33.790,11.560,13.470
27/03/2024,"24,1","31,3","25,5",90,"42,8","6,5",11,20,1,C,8.040,14.140,13.250,33.980,41.700,43.010,46.170,135.450,37.480,31.510,17.880,17.830,10.600,15.890,,37.040,31.900,33.560,11.640,13.500
28/03/2024,"22,9","33,6",27,82,"1,1",0,4,250,1,C,7.910,14.120,13.240,33.990,41.660,42.670,45.700,135.550,37.320,31.340,17.890,17.810,10.580,15.880,,36.970,31.700,33.400,11.570,13.450
29/03/2024,"23,6","34,5","26,3",86,"5,9","7,8",6,360,2,C,8.040,14.090,13.250,34.220,41.730,42.430,45.600,135.460,37.210,31.200,17.880,17.830,10.560,15.820,,37.030,32.110,33.190,11.640,13.430
30/03/2024,23,"33,4","26,9",89,"72,5","6,9",6,60,1,C,7.920,14.110,13.190,34.300,41.630,41.990,45.170,135.630,37.110,31.140,17.910,17.830,10.610,15.830,,37.210,32.080,33.400,11.680,13.470
31/03/2024,"23,2","33,1","26,9",88,"71,4","6,2",10,30,1,C,7.940,14.070,13.170,34.260,41.650,42.750,45.930,136.030,37.060,31.090,17.870,17.790,10.540,15.840,,36.870,31.860,33.280,11.650,13.480
01/04/2024,"24,4","33,6","26,5",87,39,"6,1",6,360,1,C,7.960,14.070,13.230,35.100,41.680,43.350,46.430,135.970,37.360,31.120,17.880,17.860,10.620,15.880,,37.110,32.070,33.410,11.620,13.470
02/04/2024,"22,9","33,7","27,5",87,"20,8","6,1",6,250,1,C,8.010,14.040,13.240,35.810,41.700,43.810,47.060,136.380,37.300,30.980,17.930,17.850,10.570,15.850,,37.230,32.130,33.540,11.640,13.460
03/04/2024,"24,8","33,4","26,5",90,"37,5","5,1",7,350,1,C,7.920,14.000,13.210,36.230,41.730,43.730,46.670,136.530,37.430,30.970,17.880,17.840,10.610,15.830,,37.030,31.630,33.740,11.620,13.470
04/04/2024,"24,2",33,"27,8",84,"7,1","2,8",2,350,0,C,7.930,13.990,13.220,37.240,42.090,44.160,47.060,136.640,37.690,30.820,17.910,17.850,10.580,15.840,,37.110,31.780,33.730,11.640,13.460
05/04/2024,"23,8","32,9","28,5",78,"1,3","6,4",6,360,1,C,7.940,13.960,13.190,38.080,41.900,44.640,47.360,137.050,37.880,30.850,17.890,17.840,10.540,15.850,,36.500,31.570,33.360,11.650,13.430
06/04/2024,"23,5","32,8",28,83,,"3,4",6,10,1,C,7.890,13.970,13.190,39.150,42.130,46.690,48.350,137.430,38.270,30.880,17.910,17.860,10.640,15.860,,37.020,31.500,33.870,11.570,13.470
07/04/2024,"23,6","34,6",28,77,,"5,3",15,260,2,C,7.750,13.940,13.150,40.700,42.330,51.020,51.330,139.190,38.420,30.720,17.900,17.790,10.570,15.870,,36.760,31.890,33.440,11.610,13.430
08/04/2024,"23,3","33,8","28,1",78,"70,5","9,5",5,290,1,C,7.860,13.960,13.240,42.460,42.840,55.530,55.440,141.270,39.300,30.990,17.970,17.910,10.620,15.940,,37.330,31.920,34.080,11.590,13.490
09/04/2024,"22,6","32,8","27,3",83,,"4,9",8,20,1,C,7.860,13.960,13.200,43.780,43.500,57.770,58.300,144.660,40.300,30.970,17.960,17.910,10.610,15.970,,37.450,32.820,33.560,11.620,13.500
10/04/2024,24,"33,2","27,5",82,0,"3,2",8,180,1,C,8.310,14.120,13.650,40.570,43.270,51.700,49.830,138.530,38.450,31.190,18.030,18.000,10.800,16.100,,36.290,32.810,33.450,11.970,13.230
11/04/2024,"23,4","33,3","27,8",83,"0,2","6,9",8,290,2,C,8.660,14.450,13.620,41.990,43.800,49.500,52.590,134.310,38.440,32.150,18.370,18.360,10.990,16.230,,30.180,33.080,27.670,12.530,13.300
12/04/2024,24,"31,8","25,7",92,"20,1","8,9",3,240,1,C,7.870,13.900,13.210,43.540,43.080,55.380,56.740,139.640,39.800,30.960,17.950,17.940,10.560,15.840,,37.790,32.750,33.000,11.610,13.450
13/04/2024,"23,3","33,5","27,4",83,"20,2","2,6",5,40,1,C,7.830,13.910,13.180,44.130,43.140,54.000,56.270,139.030,39.710,31.000,17.930,17.840,10.580,15.880,,37.970,32.820,34.050,11.600,13.490
14/04/2024,"24,5","33,2","26,7",88,"40,9","7,5",6,30,1,C,7.840,13.890,13.240,44.530,42.930,51.810,55.250,138.200,39.480,30.790,17.930,17.870,10.550,15.890,,37.150,32.210,34.020,11.640,13.450
15/04/2024,24,"32,8","28,1",83,"27,2","5,3",8,40,2,C,7.870,13.900,13.250,45.260,43.240,49.200,52.870,137.580,39.410,30.770,17.950,17.880,10.570,15.920,,37.270,33.030,34.170,11.600,13.490
16/04/2024,"23,9",33,"28,6",80,0,"6,5",3,45,1,C,7.910,13.870,13.250,47.000,43.220,45.220,50.280,136.910,39.350,30.680,17.970,17.940,10.590,15.890,,37.730,32.840,33.750,11.590,13.450
17/04/2024,25,"33,8","27,1",85,"0,8","8,7",4,330,1,C,7.840,13.810,13.240,48.530,43.380,43.960,49.530,137.070,39.340,30.660,18.000,17.900,10.570,15.880,,37.430,32.750,33.170,11.630,13.490
18/04/2024,"23,4","33,9","26,8",86,"42,1","6,2",6,290,1,C,7.840,13.770,13.230,49.600,43.500,42.600,48.020,136.580,39.110,30.640,18.040,17.920,10.560,15.910,,37.740,32.880,33.620,11.560,13.430
19/04/2024,"23,2","32,2","26,3",89,"52,5","7,1",11,275,2,C,7.860,13.750,13.270,50.780,43.540,41.990,48.000,136.450,38.870,30.520,18.060,17.910,10.580,15.920,,36.930,32.680,33.800,11.650,13.480
20/04/2024,"22,8",33,"27,9",81,"24,4","4,3",10,40,1,C,7.750,13.700,13.240,51.500,43.510,42.410,48.600,136.140,38.690,30.470,18.050,17.840,10.500,15.920,,37.800,32.530,33.720,11.640,13.430
21/04/2024,"23,5","31,2","26,4",91,0,"8,6",6,300,1,C,7.680,13.740,13.190,51.680,43.580,42.200,48.490,136.300,38.560,30.320,18.040,17.870,10.520,15.980,,37.340,31.880,33.600,11.480,13.410
22/04/2024,"23,5","33,4",28,82,1,1,7,30,1,C,7.750,13.720,13.300,52.310,43.740,43.030,48.790,136.110,38.500,30.430,18.140,17.930,10.550,15.930,,37.520,32.570,33.220,11.590,13.460
23/04/2024,"24,4",32,"26,6",89,"31,9","8,6",9,20,1,C,7.560,13.630,13.170,52.700,43.420,42.140,48.400,135.720,38.160,30.020,18.070,17.830,10.490,15.940,,37.180,32.450,32.860,11.560,13.400
24/04/2024,"23,8","33,4","27,2",88,73,"2,6",8,350,2,C,7.750,13.680,13.260,53.130,43.830,42.400,48.770,136.170,38.190,30.220,18.190,17.900,10.560,15.980,,37.200,32.310,32.770,11.590,13.450
25/04/2024,"23,8","31,2","26,4",89,31,"1,7",6,360,2,C,7.730,13.620,13.200,53.430,43.630,42.760,48.190,136.390,37.920,30.110,18.220,17.890,10.560,15.940,,37.250,32.340,33.720,11.600,13.450
26/04/2024,"23,9","32,6","27,1",87,"71,9","2,2",9,20,2,C,7.730,13.620,13.280,53.370,43.740,43.550,48.630,135.870,37.980,30.220,18.260,17.950,10.540,15.960,,37.380,32.350,33.600,11.620,13.460
27/04/2024,"23,9","32,5","27,2",85,"0,8","6,1",7,280,2,C,7.680,13.590,13.240,53.420,43.690,44.210,48.700,135.870,37.740,30.090,18.270,17.880,10.540,15.900,,37.290,32.260,33.550,11.650,13.460
28/04/2024,"24,2","32,7","27,5",86,0,"5,5",6,360,2,C,7.570,13.520,13.220,52.920,43.570,45.230,48.470,135.840,37.420,30.000,18.200,17.800,10.470,15.880,,37.500,31.870,33.160,11.420,13.330
29/04/2024,"24,8","33,4","28,8",82,4,"5,7",4,300,1,C,7.650,13.570,13.230,52.920,43.770,47.220,48.280,135.500,37.560,30.120,18.280,17.900,10.530,15.930,,37.580,32.100,33.630,11.590,13.440
30/04/2024,"24,6","33,2","27,9",84,"0,1","7,9",7,220,2,C,7.640,13.550,13.220,52.120,43.730,47.790,47.590,135.870,37.470,30.180,18.310,17.910,10.540,15.920,,37.400,32.060,33.440,11.550,13.450
01/05/2024,"24,3","30,4","27,4",90,"86,7","6,5",8,350,2,C,7.580,13.520,13.220,52.380,43.780,47.740,47.130,135.520,37.340,30.110,18.290,17.880,10.540,15.940,,37.020,31.830,33.340,11.620,13.430
02/05/2024,"24,5","32,7","27,3",88,"17,5",3,9,150,3,C,7.390,13.560,13.140,51.380,43.500,48.280,46.580,135.560,37.450,30.290,18.310,17.890,10.510,15.920,,36.630,31.230,33.060,11.590,13.430
03/05/2024,"24,2","33,9","27,3",86,"17,8","4,5",5,200,2,C,7.240,13.540,13.170,50.830,43.310,48.440,45.620,135.620,37.330,30.360,18.320,17.890,10.550,15.890,,37.050,31.930,33.310,11.580,13.400
04/05/2024,"22,9","33,2","26,4",87,"27,5","6,7",5,270,1,C,7.250,13.600,13.170,50.810,43.400,48.480,45.510,135.260,37.520,30.450,18.360,17.890,10.540,15.900,,37.010,31.870,33.210,11.550,13.440
05/05/2024,"22,8","33,2","27,7",79,"9,2","6,3",9,340,2,C,7.240,13.600,13.170,50.330,43.200,48.280,45.340,136.100,37.330,30.440,18.350,17.830,10.490,15.900,,37.060,31.910,33.080,11.540,13.410
06/05/2024,"22,9","33,8","27,5",79,,"8,7",8,40,2,C,7.410,13.570,13.140,50.060,43.430,47.930,43.780,135.650,37.630,30.620,18.380,17.940,10.550,15.910,,37.150,32.070,32.830,11.570,13.450
07/05/2024,23,"33,5","28,3",78,,"8,7",5,230,2,C,7.380,13.570,13.160,49.720,43.350,47.210,43.530,135.380,37.880,30.470,18.400,17.900,10.560,15.860,,36.880,31.710,33.360,11.600,13.460
08/05/2024,24,"33,3","27,5",81,,"9,1",6,280,2,C,5.780,13.600,11.980,49.230,43.240,46.780,43.140,135.770,37.930,30.460,18.380,17.920,10.470,15.910,,36.890,31.950,33.370,11.530,13.440
09/05/2024,"22,8","33,2","28,2",79,2,"7,5",9,20,2,C,6.110,13.600,12.160,49.190,43.190,46.180,42.490,135.910,37.940,30.550,18.400,17.910,10.450,15.830,,37.190,31.800,33.600,11.510,13.470
10/05/2024,23,"33,3","28,9",77,"0,1","7,5",6,20,2,C,5.870,13.570,12.100,48.760,43.100,45.850,42.530,135.390,37.880,30.500,18.400,17.880,10.410,15.830,,37.260,31.690,33.030,11.530,13.410
11/05/2024,"25,1","33,9","27,4",84,,"8,8",10,45,2,C,5.820,13.590,12.100,48.470,43.040,45.380,42.430,135.360,37.960,30.420,18.410,17.910,10.410,15.840,,36.410,31.790,33.600,11.650,13.430
12/05/2024,23,"33,5","28,6",78,"1,6","7,2",10,75,3,C,5.790,13.540,12.120,48.060,42.850,45.200,42.130,135.670,37.770,30.370,18.340,17.790,10.410,15.860,,36.830,31.130,33.070,11.440,13.370
13/05/2024,"24,8",34,"27,6",83,,"6,2",8,340,3,C,5.730,13.500,12.060,48.070,42.890,44.740,42.120,135.410,38.150,30.490,18.400,17.880,10.430,15.820,,36.890,31.570,33.440,11.430,13.420
14/05/2024,"24,6",33,"26,6",88,"31,5","6,2",4,20,1,C,5.750,13.520,12.060,47.750,43.060,45.310,42.450,135.650,38.210,30.590,18.410,17.890,10.420,15.820,,36.770,31.230,33.210,11.450,13.440
15/05/2024,24,34,"28,7",75,"0,9",1,10,80,3,C,5.710,13.510,12.090,47.580,42.980,45.170,43.050,135.550,38.130,30.540,18.380,17.870,10.400,15.860,,36.980,31.620,33.400,11.480,13.410
16/05/2024,"25,1","32,9","26,8",86,"0,8","7,7",7,270,2,C,5.680,13.480,12.090,47.520,42.900,45.600,43.430,135.340,38.070,30.500,18.370,17.830,10.410,15.790,,37.030,31.400,33.000,11.530,13.370
17/05/2024,23,33,"26,9",85,"109,3","6,4",7,270,2,C,5.670,13.460,12.030,47.800,42.960,45.620,43.900,135.590,38.060,30.490,18.410,17.860,10.400,15.850,,36.830,31.540,33.200,11.460,13.410
18/05/2024,"23,2",33,"27,2",83,"8,7","5,4",11,20,3,C,5.650,13.460,12.080,47.670,42.500,45.280,43.710,135.510,37.810,30.410,18.400,17.830,10.380,15.790,,36.690,31.150,32.960,11.500,13.360
19/05/2024,"23,5","32,6","26,8",88,"38,8","7,3",10,50,2,S,5.600,13.470,12.010,47.710,42.610,45.740,43.410,135.600,37.830,30.350,18.360,17.820,10.370,15.890,,36.580,31.310,33.400,11.500,13.370
20/05/2024,"23,9","32,8","27,4",83,"32,7","6,2",5,180,1,C,5.660,13.440,12.050,47.960,42.690,46.500,44.010,135.190,38.030,30.330,18.380,17.830,10.360,15.810,,36.860,31.220,32.800,11.460,13.380
21/05/2024,24,33,"27,9",83,,"4,2",5,320,1,C,5.670,13.490,12.070,48.000,42.860,46.860,44.380,135.700,38.130,30.590,18.390,17.890,10.380,15.830,,36.860,31.500,33.190,11.470,13.400
22/05/2024,24,"33,1","28,2",81,"2,2","6,2",8,320,2,C,5.680,13.450,12.060,47.780,42.830,46.640,44.010,135.490,38.080,30.450,18.370,17.900,10.360,15.810,,37.030,31.430,33.330,11.510,13.390
23/05/2024,25,"31,5",27,87,,4,8,300,2,C,5.640,13.420,12.060,47.540,42.560,46.740,43.790,135.260,38.030,30.410,18.320,17.820,10.350,15.780,,37.150,31.570,32.510,11.440,13.360
24/05/2024,"24,8","31,6","26,2",89,"0,3","3,9",11,360,3,C,5.630,13.440,12.070,47.410,42.770,46.650,44.170,135.370,38.130,30.300,18.360,17.850,10.380,15.840,,37.170,31.810,33.200,11.500,13.380
25/05/2024,24,"32,3","25,6",93,"146,6","2,6",3,55,1,C,5.660,13.450,12.030,47.490,42.730,46.610,43.890,135.620,37.970,30.240,18.370,17.830,10.330,15.760,,37.150,31.970,33.120,11.550,13.410